Date,Open,High,Low,Last,Close,Total Trade Quantity,Turnover (Lacs)
2013-09-10,3.75,3.75,3.65,3.65,3.65,10260.0,0.37
2013-09-06,3.8,4.0,3.8,3.8,3.8,14663.0,0.56
2013-09-05,3.85,4.0,3.75,4.0,4.0,9225.0,0.36
2013-09-04,3.65,3.9,3.65,3.9,3.85,37899.0,1.39
2013-09-03,3.8,4.2,3.8,3.8,3.8,18082.0,0.69
2013-09-02,4.0,4.2,4.0,4.0,4.0,7474.0,0.31
2013-08-30,4.2,4.4,4.2,4.2,4.2,3712.0,0.16
2013-08-29,4.4,4.7,4.4,4.65,4.4,4709.0,0.21
2013-08-28,4.6,4.6,4.6,4.6,4.6,5.0,0.0
2013-08-27,4.95,4.95,4.65,4.8,4.8,629.0,0.03
2013-08-26,4.7,4.85,4.7,4.85,4.85,6195.0,0.3
2013-08-23,4.35,4.75,4.35,4.65,4.65,731.0,0.03
2013-08-22,4.55,4.7,4.55,4.55,4.55,12111.0,0.56
2013-08-21,4.75,4.85,4.45,4.85,4.75,14434.0,0.67
2013-08-20,4.7,4.8,4.4,4.75,4.65,10386.0,0.47
2013-08-19,4.45,4.65,4.25,4.3,4.6,13800.0,0.61
2013-08-16,4.45,4.45,4.3,4.45,4.45,5675.0,0.25
2013-08-14,4.25,4.25,4.1,4.25,4.25,15436.0,0.65
2013-08-13,3.9,4.1,3.8,4.05,4.05,6870.0,0.27
2013-08-12,4.0,4.2,3.8,4.0,3.95,20568.0,0.84
2013-08-08,3.95,4.15,3.95,4.0,4.0,25007.0,0.99
2013-08-07,4.15,4.15,4.15,4.15,4.15,1876.0,0.08
2013-08-06,4.35,4.35,4.35,4.35,4.35,4957.0,0.22
2013-08-05,4.8,4.8,4.55,4.55,4.55,2822.0,0.13
2013-08-02,4.75,4.75,4.75,4.75,4.75,960.0,0.05
2013-08-01,5.25,5.25,4.95,4.95,4.95,14124.0,0.7
2013-07-31,5.5,5.5,5.2,5.2,5.2,2041.0,0.11
2013-07-30,5.6,5.6,5.45,5.45,5.45,5028.0,0.28
2013-07-29,5.7,5.85,5.65,5.7,5.7,4855.0,0.28
2013-07-26,6.05,6.05,5.7,6.0,5.9,9409.0,0.55
2013-07-25,6.0,6.1,5.7,6.0,5.9,6378.0,0.37
2013-07-24,5.8,6.05,5.8,5.85,5.85,7757.0,0.45
2013-07-23,6.0,6.25,5.8,6.0,6.0,6273.0,0.38
2013-07-22,6.15,6.25,6.0,6.0,6.0,3247.0,0.2
2013-07-19,6.3,6.5,6.15,6.2,6.2,5837.0,0.37
2013-07-18,6.25,6.4,6.1,6.35,6.35,2977.0,0.19
2013-07-17,6.6,6.6,6.25,6.5,6.35,3540.0,0.23
2013-07-16,6.7,6.7,6.25,6.4,6.4,2670.0,0.17
2013-07-15,6.4,6.65,6.35,6.55,6.55,5513.0,0.36
2013-07-12,6.4,6.7,6.4,6.65,6.55,3550.0,0.23
2013-07-11,6.6,6.75,6.35,6.7,6.45,6762.0,0.45
2013-07-10,6.45,6.6,6.3,6.45,6.45,5470.0,0.35
2013-07-09,6.75,6.75,6.4,6.6,6.5,8662.0,0.57
2013-07-08,6.8,6.8,6.4,6.5,6.5,4625.0,0.3
2013-07-05,6.9,6.9,6.6,6.75,6.6,13022.0,0.88
2013-07-04,7.0,7.0,6.5,6.85,6.7,7971.0,0.53
2013-07-03,6.95,7.0,6.65,6.7,6.7,10842.0,0.74
2013-07-02,6.8,7.2,6.75,6.75,6.8,6114.0,0.42
2013-07-01,6.8,7.05,6.6,6.6,6.6,13892.0,0.93
2013-06-28,6.65,7.25,6.6,6.65,6.9,20246.0,1.39
2013-06-27,7.45,7.5,7.3,7.3,7.3,24573.0,1.8
2013-06-26,9.0,9.0,8.1,8.1,8.1,23921.0,1.97
2013-06-25,8.25,8.95,8.25,8.95,8.95,29780.0,2.66
2013-06-24,6.65,8.15,6.65,8.15,8.15,66077.0,5.26
2013-06-21,5.6,6.8,5.4,6.8,6.8,23916.0,1.56
2013-06-20,6.25,6.25,5.55,5.7,5.7,2011.0,0.11
2013-06-19,5.85,6.05,5.7,6.0,5.9,6209.0,0.36
2013-06-18,6.6,6.6,5.5,5.7,5.7,6395.0,0.37
2013-06-17,6.6,6.95,5.1,6.15,5.75,21393.0,1.3
2013-06-14,5.75,5.9,5.75,5.9,5.8,6722.0,0.39
2013-06-13,5.7,5.95,5.6,5.9,5.9,2030.0,0.12
2013-06-12,5.85,6.5,5.6,6.0,5.7,9949.0,0.59
2013-06-11,6.1,6.25,5.8,6.1,6.0,9309.0,0.55
2013-06-10,6.2,6.6,6.2,6.2,6.2,4854.0,0.31
2013-06-07,6.6,6.6,6.1,6.4,6.2,6886.0,0.44
2013-06-06,6.75,6.75,6.35,6.75,6.75,5750.0,0.38
2013-06-05,6.75,6.75,6.35,6.65,6.6,4182.0,0.27
2013-06-04,6.5,6.8,6.5,6.8,6.75,10143.0,0.67
2013-06-03,6.5,6.85,6.3,6.3,6.55,6154.0,0.41
2013-05-31,6.55,6.85,6.5,6.75,6.6,13555.0,0.89
2013-05-30,6.9,6.95,6.5,6.95,6.8,5787.0,0.39
2013-05-29,6.85,6.85,6.65,6.65,6.65,5256.0,0.35
2013-05-28,7.0,7.05,6.65,6.95,6.95,6323.0,0.43
2013-05-27,7.3,7.3,6.7,6.75,6.85,11598.0,0.8
2013-05-24,7.3,7.75,6.9,7.1,7.15,12595.0,0.9
2013-05-23,7.65,7.8,7.2,7.45,7.2,9042.0,0.67
2013-05-22,8.2,8.2,7.7,7.7,7.7,10772.0,0.84
2013-05-21,7.65,8.0,7.65,7.7,7.8,8685.0,0.68
2013-05-20,8.0,8.25,7.7,7.7,7.75,7254.0,0.58
2013-05-17,7.25,8.75,7.25,7.8,8.05,12654.0,0.98
2013-05-16,7.6,7.8,7.25,7.45,7.35,11403.0,0.85
2013-05-15,7.8,8.1,7.7,7.7,7.75,3685.0,0.29
2013-05-14,8.45,8.45,7.8,7.8,7.8,3943.0,0.31
2013-05-13,8.1,8.7,7.55,8.2,8.2,22373.0,1.78
2013-05-11,7.6,8.2,7.45,7.7,7.7,1146.0,0.09
2013-05-10,8.25,8.25,7.75,7.75,7.8,8773.0,0.69
2013-05-09,7.2,8.3,7.2,8.1,8.1,18027.0,1.42
2013-05-08,7.25,7.5,7.2,7.3,7.3,5672.0,0.42
2013-05-07,7.5,7.65,7.05,7.5,7.4,5575.0,0.41
2013-05-06,7.05,7.6,7.05,7.6,7.5,8054.0,0.59
2013-05-03,7.4,7.85,7.3,7.35,7.3,10304.0,0.78
2013-05-02,7.55,8.1,7.55,7.6,7.7,4296.0,0.33
2013-04-30,7.7,8.0,7.5,7.7,7.6,5001.0,0.38
2013-04-29,7.75,8.0,7.7,7.85,7.9,3706.0,0.29
2013-04-26,8.05,8.1,7.75,7.75,7.85,3350.0,0.27
2013-04-25,8.0,8.1,7.75,8.1,7.9,1761.0,0.14
2013-04-23,7.8,8.15,7.75,7.9,8.0,4466.0,0.36
2013-04-22,8.05,8.15,7.9,8.0,8.1,5554.0,0.44
2013-04-18,8.0,8.5,8.0,8.0,8.05,6392.0,0.53
2013-04-17,7.6,9.35,7.6,7.95,8.1,15023.0,1.26
2013-04-16,7.85,8.1,7.8,7.85,7.8,9157.0,0.72
2013-04-15,7.6,8.05,7.5,7.7,7.75,46506.0,3.61
2013-04-12,7.75,8.0,7.6,7.65,7.85,7271.0,0.57
2013-04-11,8.0,8.25,7.75,7.75,7.95,5910.0,0.47
2013-04-10,7.25,8.2,7.2,7.9,7.85,4567.0,0.35
2013-04-09,7.8,8.35,7.7,7.75,7.7,5129.0,0.4
2013-04-08,7.3,8.05,7.3,8.0,8.0,1540.0,0.12
2013-04-05,7.8,8.1,7.0,7.7,7.7,9121.0,0.68
2013-04-04,8.05,8.15,7.25,7.65,7.65,10132.0,0.81
2013-04-03,8.25,8.75,8.05,8.1,8.2,7305.0,0.61
2013-04-02,7.9,8.1,7.55,8.0,8.05,3201.0,0.25
2013-04-01,7.8,7.85,7.1,7.8,7.8,2779.0,0.21
2013-03-28,7.4,7.75,6.6,7.75,7.55,7732.0,0.55
2013-03-26,6.95,7.45,6.8,6.85,6.85,8441.0,0.59
2013-03-25,7.25,7.25,6.85,6.9,6.95,10989.0,0.77
2013-03-22,7.0,7.6,6.8,6.8,6.9,10200.0,0.72
2013-03-21,7.0,7.75,6.4,7.05,7.1,14676.0,1.04
2013-03-20,7.3,8.7,6.9,7.1,7.25,33877.0,2.46
2013-03-19,8.25,8.45,6.75,7.25,7.3,37914.0,2.82
2013-03-18,8.4,8.8,7.95,8.1,8.1,8731.0,0.7
2013-03-15,8.55,8.6,8.3,8.4,8.45,6360.0,0.54
2013-03-14,9.0,9.0,8.0,8.55,8.5,58470.0,5.07
2013-03-13,8.9,9.0,8.2,8.95,8.95,9496.0,0.82
2013-03-12,9.0,9.5,9.0,9.0,9.0,5289.0,0.48
2013-03-11,9.0,9.45,8.4,9.05,9.05,12023.0,1.05
2013-03-08,10.3,10.3,9.15,9.25,9.3,8928.0,0.84
2013-03-07,8.4,9.1,8.2,8.75,8.7,3266.0,0.29
2013-03-06,7.9,8.65,7.85,8.65,8.65,11494.0,0.97
2013-03-05,8.0,8.0,7.75,7.85,7.9,11902.0,0.94
2013-03-04,8.05,8.05,7.6,7.95,7.85,25276.0,1.98
2013-03-01,8.3,8.6,8.15,8.25,8.4,17603.0,1.46
2013-02-28,8.7,9.65,8.2,8.25,8.5,7846.0,0.69
2013-02-27,9.35,9.35,8.75,8.85,9.0,11328.0,1.02
2013-02-26,9.05,9.45,8.9,8.9,8.9,16273.0,1.49
2013-02-25,9.9,9.9,9.0,9.4,9.4,20947.0,1.92
2013-02-22,9.0,9.45,9.0,9.35,9.35,14512.0,1.34
2013-02-21,9.0,9.45,9.0,9.35,9.35,6353.0,0.58
2013-02-20,9.4,9.5,9.0,9.3,9.25,10837.0,1.0
2013-02-19,8.5,9.4,8.5,9.15,9.05,16785.0,1.51
2013-02-18,8.65,9.1,8.5,8.85,8.75,26496.0,2.3
2013-02-15,9.2,9.2,8.55,8.7,8.85,23898.0,2.1
2013-02-14,9.7,9.8,9.25,9.55,9.45,21397.0,2.04
2013-02-13,10.0,10.05,9.8,10.0,9.85,27568.0,2.74
2013-02-12,10.0,10.4,10.0,10.0,10.0,18740.0,1.89
2013-02-11,9.55,10.6,9.55,10.05,10.05,10394.0,1.05
2013-02-08,10.85,11.0,10.4,10.4,10.6,11679.0,1.25
2013-02-07,10.9,11.2,10.85,10.95,10.95,5452.0,0.6
2013-02-06,11.15,11.35,10.9,11.2,11.0,8984.0,1.0
2013-02-05,11.05,11.3,10.85,11.0,11.0,9775.0,1.08
2013-02-04,11.1,11.4,11.1,11.35,11.15,8920.0,1.0
2013-02-01,11.1,11.75,11.1,11.15,11.2,4559.0,0.52
2013-01-31,12.0,12.0,11.0,11.45,11.45,25539.0,2.91
2013-01-30,11.2,12.0,11.2,11.45,11.5,14995.0,1.73
2013-01-29,11.5,12.15,11.4,11.5,11.5,4856.0,0.57
2013-01-28,11.4,12.1,11.3,11.35,11.5,11114.0,1.28
2013-01-25,11.2,12.2,11.2,12.2,11.9,4740.0,0.56
2013-01-24,11.05,12.25,11.05,11.1,11.25,14297.0,1.64
2013-01-23,13.0,13.0,11.85,12.0,11.95,13658.0,1.66
2013-01-22,12.35,12.75,11.9,12.3,11.95,14239.0,1.74
2013-01-21,12.25,12.45,12.15,12.25,12.35,3023.0,0.37
2013-01-18,12.3,12.55,12.1,12.25,12.2,24495.0,3.01
2013-01-17,13.6,13.6,12.25,12.3,12.55,34873.0,4.45
2013-01-16,13.0,13.0,12.4,12.4,12.55,12041.0,1.52
2013-01-15,13.0,13.9,12.7,12.7,12.8,13803.0,1.79
2013-01-14,12.65,13.05,12.65,12.7,12.7,4664.0,0.6
2013-01-11,12.9,13.05,12.65,12.65,12.65,6156.0,0.79
2013-01-10,13.5,13.5,12.7,12.9,12.8,48713.0,6.4
2013-01-09,12.85,13.4,12.85,13.15,13.15,21071.0,2.79
2013-01-08,13.15,13.3,12.6,12.9,13.0,13061.0,1.69
2013-01-07,12.7,13.15,12.45,13.15,13.05,20157.0,2.61
2013-01-04,12.8,13.2,12.65,12.7,12.75,11100.0,1.43
2013-01-03,12.7,13.55,12.6,13.0,13.05,36150.0,4.77
2013-01-02,13.0,13.15,12.6,13.0,12.95,21998.0,2.87
2013-01-01,12.35,12.9,12.35,12.6,12.75,22983.0,2.92
2012-12-31,12.95,12.95,12.4,12.65,12.55,14312.0,1.81
2012-12-28,12.2,13.0,12.2,12.8,12.7,22886.0,2.94
2012-12-27,12.7,13.0,12.35,12.5,12.4,8506.0,1.07
2012-12-26,13.0,13.0,12.25,12.9,12.6,12134.0,1.53
2012-12-24,12.85,13.0,12.6,12.7,12.75,10120.0,1.29
2012-12-21,13.0,13.0,12.65,13.0,12.75,13039.0,1.68
2012-12-20,13.0,13.1,12.7,13.0,13.0,7027.0,0.91
2012-12-19,12.75,13.0,12.4,12.7,12.75,32164.0,4.11
2012-12-18,12.85,13.25,12.2,12.8,12.85,12771.0,1.63
2012-12-17,13.0,13.0,12.5,12.55,12.65,34767.0,4.42
2012-12-14,12.45,13.0,12.45,12.75,12.8,9739.0,1.25
2012-12-13,12.2,13.3,12.1,12.75,12.8,15629.0,2.02
2012-12-12,12.75,13.0,12.35,12.8,12.7,11085.0,1.4
2012-12-11,13.5,13.6,12.7,13.0,13.0,23179.0,3.03
2012-12-10,14.35,14.35,13.15,13.2,13.35,11158.0,1.5
2012-12-07,14.35,14.4,13.25,13.5,13.7,37626.0,5.27
2012-12-06,13.75,13.75,12.6,13.75,13.75,49122.0,6.63
2012-12-05,13.1,13.1,13.1,13.1,13.1,6077.0,0.8
2012-12-04,12.5,12.5,12.4,12.5,12.5,23464.0,2.93
2012-12-03,11.95,11.95,11.3,11.95,11.95,38016.0,4.5
2012-11-30,11.7,11.7,11.25,11.4,11.4,28507.0,3.3
2012-11-29,11.85,11.95,11.0,11.1,11.15,61641.0,6.96
2012-11-27,11.45,11.6,10.95,11.6,11.4,48432.0,5.43
2012-11-26,11.6,11.6,11.05,11.05,11.05,21440.0,2.39
2012-11-23,12.35,12.35,11.5,11.6,11.6,53427.0,6.24
2012-11-22,12.4,12.55,12.0,12.25,12.1,11547.0,1.43
2012-11-21,12.75,12.8,12.15,12.15,12.3,9539.0,1.18
2012-11-20,13.1,13.25,12.35,12.35,12.4,25180.0,3.17
2012-11-19,13.05,13.2,12.85,13.0,13.0,8295.0,1.08
2012-11-16,13.7,14.05,13.15,13.3,13.5,11688.0,1.6
2012-11-15,13.55,14.65,13.55,13.75,13.75,3294.0,0.45
2012-11-13,13.4,14.3,13.3,14.25,14.1,3402.0,0.47
2012-11-12,13.65,14.25,13.6,13.75,13.85,5010.0,0.69
2012-11-09,14.55,14.55,13.85,13.85,13.85,7086.0,0.99
2012-11-08,14.2,14.25,13.85,13.9,14.1,7672.0,1.08
2012-11-07,14.0,14.5,14.0,14.5,14.1,12774.0,1.82
2012-11-06,13.6,14.25,13.6,14.25,14.0,19664.0,2.78
2012-11-05,14.4,14.4,14.0,14.25,14.25,16253.0,2.32
2012-11-02,14.0,14.4,13.3,14.4,14.25,18850.0,2.64
2012-11-01,14.0,14.2,13.6,13.6,13.8,8283.0,1.15
2012-10-31,13.95,14.0,13.55,13.55,13.8,6414.0,0.89
2012-10-30,13.9,14.4,13.9,13.9,13.95,8138.0,1.14
2012-10-29,15.0,15.0,14.0,14.2,14.6,5196.0,0.74
2012-10-26,13.4,14.75,13.4,14.35,14.35,11625.0,1.69
2012-10-25,15.0,15.0,14.0,14.05,14.05,14044.0,2.01
2012-10-23,14.75,15.2,14.4,14.5,14.5,6321.0,0.92
2012-10-22,14.9,15.25,14.4,14.95,14.95,11231.0,1.65
2012-10-19,15.2,15.75,15.1,15.3,15.1,11556.0,1.76
2012-10-18,15.5,16.0,15.25,15.75,15.75,4233.0,0.67
2012-10-17,15.25,15.95,15.15,15.25,15.25,2895.0,0.44
2012-10-16,15.0,16.45,15.0,15.85,15.85,16996.0,2.74
2012-10-15,15.7,17.25,15.65,15.65,15.7,8442.0,1.34
2012-10-12,18.0,18.0,16.45,16.45,16.45,17562.0,2.93
2012-10-11,17.4,17.4,15.85,17.4,17.3,14195.0,2.37
2012-10-10,17.35,17.35,16.55,16.55,16.6,21277.0,3.57
2012-10-09,17.6,17.95,17.35,17.4,17.4,15686.0,2.75
2012-10-08,19.0,19.0,18.2,18.2,18.25,12454.0,2.29
2012-10-05,18.25,19.65,17.9,18.4,19.15,21769.0,4.03
2012-10-04,20.25,20.25,18.35,19.0,18.75,65348.0,13.04
2012-10-03,18.65,19.3,18.6,19.3,19.3,44651.0,8.61
2012-10-01,18.0,18.4,17.6,18.4,18.4,69050.0,12.58
2012-09-28,17.0,18.45,17.0,17.25,17.55,52948.0,9.51
2012-09-27,17.5,18.2,17.05,17.6,17.75,38124.0,6.67
2012-09-26,18.1,18.6,17.3,17.5,17.45,30419.0,5.44
2012-09-25,18.25,19.0,18.1,18.1,18.2,76551.0,14.18
2012-09-24,18.75,18.75,17.05,18.45,18.45,186658.0,33.85
2012-09-21,17.0,17.9,17.0,17.9,17.9,68903.0,12.12
2012-09-20,15.9,16.3,15.9,16.3,16.3,50295.0,8.18
2012-09-18,14.4,14.85,13.0,14.85,14.85,44909.0,6.47
2012-09-17,14.1,14.7,13.35,13.45,13.5,22360.0,3.12
2012-09-14,14.85,15.25,14.4,14.5,14.5,24779.0,3.62
2012-09-13,15.4,16.1,14.35,14.8,14.5,77601.0,11.89
2012-09-12,13.9,14.65,13.45,14.65,14.65,50616.0,7.27
2012-09-11,13.4,13.95,12.55,13.3,13.35,70233.0,9.35
2012-09-10,12.9,12.9,12.0,12.9,12.85,28545.0,3.56
2012-09-08,11.95,12.5,11.95,12.45,12.5,5735.0,0.7
2012-09-07,12.05,12.65,11.8,11.85,11.95,29616.0,3.56
2012-09-06,12.6,12.6,12.3,12.3,12.3,18563.0,2.3
2012-09-05,13.4,13.4,12.8,12.95,12.9,6014.0,0.78
2012-09-04,13.5,13.5,13.05,13.05,13.1,10871.0,1.44
2012-09-03,13.55,14.2,13.0,13.5,13.5,40865.0,5.56
2012-08-31,13.55,13.55,13.0,13.55,13.55,13605.0,1.83
2012-08-30,12.45,13.25,12.45,12.95,12.95,1260.0,0.16
2012-08-29,13.35,13.6,12.6,12.8,12.75,2676.0,0.35
2012-08-28,12.6,13.55,12.6,13.5,13.05,8670.0,1.13
2012-08-27,13.3,13.9,12.85,13.1,13.05,8186.0,1.07
2012-08-24,13.0,13.9,12.85,13.5,13.5,6606.0,0.88
2012-08-23,13.5,14.05,13.15,13.25,13.25,13012.0,1.77
2012-08-22,13.3,13.95,13.3,13.8,13.4,8599.0,1.16
2012-08-21,13.5,14.0,13.4,13.55,13.75,14979.0,2.06
2012-08-17,13.75,14.0,13.25,13.7,13.7,6385.0,0.88
2012-08-16,14.0,14.5,13.4,13.6,13.85,5390.0,0.76
2012-08-14,13.55,14.5,13.55,14.0,14.0,3961.0,0.56
2012-08-13,13.6,14.6,13.6,13.75,14.2,8480.0,1.2
2012-08-10,13.55,14.75,13.5,14.0,14.3,5344.0,0.75
2012-08-09,14.0,14.3,13.9,14.05,14.05,5419.0,0.77
2012-08-08,14.2,14.8,14.2,14.7,14.5,7419.0,1.09
2012-08-07,14.2,14.75,14.2,14.25,14.3,4999.0,0.72
2012-08-06,14.15,15.25,13.85,14.5,14.65,10238.0,1.47
2012-08-03,14.0,14.8,14.0,14.8,14.55,4963.0,0.71
2012-08-02,14.8,14.8,13.9,14.45,14.65,6090.0,0.87
2012-08-01,14.45,14.45,13.75,14.1,14.1,4622.0,0.65
2012-07-31,14.65,14.65,13.3,13.9,13.8,6750.0,0.92
2012-07-30,14.5,14.5,14.0,14.0,14.0,2419.0,0.34
2012-07-27,14.0,14.9,14.0,14.9,14.7,11923.0,1.71
2012-07-26,14.5,14.9,14.25,14.25,14.25,10943.0,1.57
2012-07-25,15.0,15.9,14.9,14.9,14.9,6450.0,0.97
2012-07-24,15.5,15.75,15.45,15.65,15.65,3941.0,0.61
2012-07-23,16.0,16.4,15.5,16.25,16.25,9360.0,1.48
2012-07-20,16.5,16.8,16.15,16.15,16.3,16646.0,2.7
2012-07-19,17.45,17.6,16.9,16.9,16.95,14541.0,2.5
2012-07-18,17.05,18.0,16.35,17.45,17.35,19977.0,3.42
2012-07-17,18.25,18.75,17.15,17.6,17.35,28572.0,5.05
2012-07-16,18.95,19.25,17.8,17.8,18.05,72456.0,13.35
2012-07-13,18.8,19.35,18.25,18.25,18.7,119145.0,22.46
2012-07-12,16.75,18.35,16.15,18.35,18.35,98260.0,17.7
2012-07-11,16.0,17.0,15.6,16.6,16.7,24753.0,4.1
2012-07-10,17.15,17.6,16.15,16.6,16.85,77371.0,12.91
2012-07-09,19.4,19.7,17.55,17.65,17.7,93479.0,17.15
2012-07-06,20.45,20.45,19.1,19.2,19.4,328352.0,64.7
2012-07-05,18.05,18.6,18.0,18.6,18.6,63613.0,11.73
2012-07-04,14.6,16.95,14.6,16.95,16.95,212724.0,34.8
2012-07-03,12.0,14.15,11.85,14.15,14.15,187850.0,26.03
2012-07-02,11.2,12.2,11.0,11.75,11.8,39691.0,4.64
2012-06-29,10.85,11.4,10.85,10.85,11.0,25307.0,2.83
2012-06-28,10.8,11.35,10.8,11.25,11.15,9707.0,1.08
2012-06-27,11.0,11.2,10.85,10.85,10.95,6410.0,0.71
2012-06-26,11.15,11.35,11.0,11.35,11.2,7784.0,0.87
2012-06-25,11.25,11.4,11.0,11.2,11.15,8360.0,0.93
2012-06-22,11.0,11.4,10.75,11.25,11.15,12952.0,1.43
2012-06-21,11.1,11.3,10.9,11.2,11.0,61272.0,6.75
2012-06-20,10.85,11.4,10.8,10.85,10.9,10554.0,1.16
2012-06-19,10.9,11.2,10.75,10.9,10.95,6297.0,0.69
2012-06-18,11.45,11.45,10.85,11.15,11.05,6580.0,0.73
2012-06-15,11.0,11.4,10.95,11.1,11.15,12695.0,1.41
2012-06-14,12.15,12.15,10.1,11.0,11.05,18045.0,2.0
2012-06-13,11.55,11.75,11.3,11.5,11.55,10739.0,1.24
2012-06-12,11.5,11.95,11.5,11.9,11.75,9282.0,1.09
2012-06-11,12.5,12.5,11.1,11.6,11.7,12701.0,1.5
2012-06-08,12.0,12.1,11.35,11.5,11.5,8590.0,1.0
2012-06-07,11.55,11.85,11.2,11.85,11.75,8452.0,0.98
2012-06-06,12.0,12.15,11.15,11.7,11.55,25012.0,2.95
2012-06-05,11.2,12.05,11.2,11.75,11.7,16671.0,1.95
2012-06-04,11.4,11.9,10.6,11.55,11.45,7943.0,0.9
2012-06-01,11.0,12.25,10.85,11.2,11.5,24692.0,2.84
2012-05-31,11.2,11.45,11.1,11.4,11.35,7373.0,0.84
2012-05-30,11.4,11.5,11.15,11.25,11.3,9540.0,1.08
2012-05-29,12.0,12.0,11.2,11.4,11.45,23855.0,2.71
2012-05-28,11.25,11.4,11.0,11.2,11.25,15793.0,1.78
2012-05-25,11.4,11.5,11.2,11.4,11.35,19175.0,2.18
2012-05-24,12.5,12.5,11.4,11.45,11.45,23194.0,2.7
2012-05-23,12.7,12.7,11.5,12.0,12.0,20387.0,2.48
2012-05-22,12.9,13.15,12.6,13.0,12.9,13218.0,1.71
2012-05-21,13.05,13.4,12.4,12.5,12.45,18272.0,2.34
2012-05-18,12.8,12.95,12.05,12.25,12.3,22410.0,2.78
2012-05-17,12.05,13.45,12.0,12.0,12.05,12016.0,1.48
2012-05-16,14.1,14.1,11.9,12.3,12.35,17260.0,2.15
2012-05-15,14.2,14.2,12.9,12.9,13.0,26148.0,3.44
2012-05-14,14.1,14.2,13.0,13.45,13.2,5577.0,0.74
2012-05-11,13.0,13.5,13.0,13.25,13.15,8921.0,1.19
2012-05-10,14.0,14.5,12.25,13.5,13.25,17146.0,2.28
2012-05-09,13.55,13.9,12.6,13.1,13.15,20761.0,2.74
2012-05-08,13.5,14.15,11.2,13.0,12.95,213804.0,26.31
2012-05-07,13.9,14.15,13.4,13.65,13.85,13207.0,1.81
2012-05-04,13.75,14.2,13.6,13.95,13.9,12366.0,1.72
2012-05-03,14.1,14.5,13.5,14.0,14.25,17496.0,2.44
2012-05-02,14.25,14.65,14.2,14.2,14.25,8062.0,1.15
2012-04-30,14.9,14.9,14.1,14.35,14.35,14253.0,2.05
2012-04-28,14.1,14.6,14.0,14.55,14.55,2604.0,0.37
2012-04-27,14.5,14.6,14.0,14.2,14.4,11819.0,1.7
2012-04-26,14.6,15.0,14.5,14.5,14.65,8722.0,1.29
2012-04-25,14.05,15.4,14.05,14.75,14.7,15287.0,2.25
2012-04-24,14.85,15.35,14.75,14.75,14.8,9241.0,1.37
2012-04-23,15.0,15.7,14.65,15.0,14.85,20016.0,2.99
2012-04-20,15.25,15.4,14.85,15.0,15.0,33251.0,4.99
2012-04-19,15.3,15.7,15.1,15.15,15.1,11262.0,1.72
2012-04-18,15.0,15.5,15.0,15.2,15.25,21364.0,3.28
2012-04-17,15.3,16.0,14.95,14.95,15.2,22309.0,3.41
2012-04-16,16.35,16.35,15.25,15.5,15.4,17060.0,2.65
2012-04-13,15.8,16.25,15.7,15.95,15.85,93195.0,14.9
2012-04-12,15.3,16.1,15.3,16.1,15.95,10990.0,1.73
2012-04-11,15.85,16.35,15.65,16.05,15.9,6973.0,1.12
2012-04-10,15.35,16.0,15.35,15.5,15.85,4827.0,0.76
2012-04-09,16.15,16.45,15.6,15.95,15.75,5128.0,0.82
2012-04-04,16.0,16.45,15.75,16.15,16.0,9254.0,1.48
2012-04-03,17.4,17.4,15.35,16.3,16.35,27011.0,4.43
2012-04-02,15.0,16.15,14.95,15.75,15.95,31702.0,4.96
2012-03-30,14.05,15.05,14.05,15.0,14.95,33473.0,4.97
2012-03-29,14.3,14.5,14.2,14.5,14.45,7772.0,1.12
2012-03-28,15.0,15.0,14.2,14.2,14.45,29438.0,4.25
2012-03-27,15.45,16.0,14.8,14.8,14.9,24344.0,3.7
2012-03-26,16.85,16.85,15.0,15.6,15.45,24418.0,3.76
2012-03-23,16.0,16.4,15.9,16.0,16.0,15251.0,2.46
2012-03-22,16.9,16.9,16.1,16.25,16.25,20425.0,3.33
2012-03-21,17.2,18.0,16.0,16.3,16.45,26496.0,4.37
2012-03-20,16.95,16.95,16.35,16.35,16.4,9299.0,1.54
2012-03-19,17.95,17.95,16.5,16.5,16.75,12193.0,2.05
2012-03-16,18.15,18.25,16.75,16.9,17.1,27320.0,4.69
2012-03-15,17.75,17.9,17.2,17.3,17.4,33752.0,5.88
2012-03-14,18.25,18.5,17.75,18.2,17.9,16585.0,3.02
2012-03-13,18.7,18.85,18.2,18.2,18.5,6600.0,1.22
2012-03-12,18.0,18.7,17.65,18.5,18.35,15281.0,2.76
2012-03-09,18.3,18.65,17.75,17.95,17.8,16762.0,3.04
2012-03-07,18.15,19.0,18.05,18.2,18.5,6441.0,1.19
2012-03-06,18.6,19.45,18.15,19.35,18.9,17140.0,3.28
2012-03-05,18.85,19.5,18.8,19.45,19.25,10195.0,1.96
2012-03-03,19.65,19.7,19.5,19.5,19.5,534.0,0.1
2012-03-02,19.25,20.0,19.0,19.2,19.25,19506.0,3.81
2012-03-01,19.05,19.95,19.0,19.75,19.25,5959.0,1.15
2012-02-29,20.6,20.6,19.1,19.35,19.35,14896.0,2.93
2012-02-28,19.6,20.5,19.0,19.85,19.85,11500.0,2.28
2012-02-27,20.5,21.0,19.55,19.6,19.6,10111.0,1.99
2012-02-24,21.45,21.45,20.4,20.5,20.55,38127.0,7.88
2012-02-23,23.0,23.0,21.1,21.45,21.45,15041.0,3.26
2012-02-22,22.7,23.95,21.85,22.0,22.05,34502.0,7.83
2012-02-21,23.0,24.0,22.55,22.95,22.85,17110.0,3.95
2012-02-17,23.1,24.25,23.1,23.75,23.45,85312.0,20.49
2012-02-16,22.0,23.2,21.9,23.2,23.1,34195.0,7.73
2012-02-15,21.2,22.2,21.15,21.95,22.1,24159.0,5.28
2012-02-14,21.5,21.95,21.4,21.4,21.55,18799.0,4.06
2012-02-13,20.1,21.65,20.1,21.45,21.55,50192.0,10.76
2012-02-10,20.75,21.05,20.4,20.4,20.65,20355.0,4.24
2012-02-09,20.2,21.3,20.2,21.0,20.7,20777.0,4.34
2012-02-08,20.85,21.1,20.25,20.4,20.45,18414.0,3.78
2012-02-07,20.65,21.9,20.15,21.1,20.75,40480.0,8.54
2012-02-06,20.3,21.2,20.0,21.0,20.9,43194.0,8.98
2012-02-03,19.65,20.35,19.25,20.0,20.2,29845.0,5.95
2012-02-02,21.5,21.8,19.95,20.1,20.05,107062.0,22.14
2012-02-01,20.45,21.0,20.1,21.0,21.0,42577.0,8.86
2012-01-31,20.9,21.0,19.8,19.8,20.0,55131.0,11.22
2012-01-30,19.65,20.0,19.45,20.0,20.0,41969.0,8.3
2012-01-27,18.5,19.05,18.2,19.05,19.05,53392.0,10.06
2012-01-25,18.1,18.6,18.05,18.25,18.15,21669.0,3.95
2012-01-24,18.05,18.35,17.95,18.15,18.15,10375.0,1.88
2012-01-23,18.15,18.65,18.0,18.15,18.2,12136.0,2.21
2012-01-20,18.1,18.3,17.7,18.05,18.2,14213.0,2.58
2012-01-19,18.6,18.6,17.9,17.9,18.05,25123.0,4.56
2012-01-18,18.5,19.0,17.95,18.1,18.2,43308.0,7.95
2012-01-17,18.0,18.5,18.0,18.25,18.25,45974.0,8.4
2012-01-16,18.75,18.75,17.75,17.95,17.95,15474.0,2.8
2012-01-13,19.0,19.0,17.7,17.95,18.1,79370.0,14.53
2012-01-12,18.05,18.7,18.0,18.0,18.1,45870.0,8.37
2012-01-11,18.05,18.05,17.4,18.05,18.05,102436.0,18.31
2012-01-10,16.5,17.2,16.5,17.2,17.2,15505.0,2.63
2012-01-09,15.9,16.75,15.35,16.45,16.4,17129.0,2.74
2012-01-07,15.6,16.2,15.15,16.2,16.1,3918.0,0.62
2012-01-06,16.05,16.35,15.75,15.8,15.9,10840.0,1.73
2012-01-05,16.2,16.7,15.95,16.0,16.15,18879.0,3.08
2012-01-04,16.2,16.5,15.95,16.2,16.15,29286.0,4.73
2012-01-03,15.95,16.6,15.95,16.1,16.15,45178.0,7.33
2012-01-02,16.65,16.65,15.8,15.8,15.95,7103.0,1.14
2011-12-30,16.2,17.0,16.0,16.0,16.0,14687.0,2.37
2011-12-29,17.3,17.45,16.55,16.55,16.8,12124.0,2.05
2011-12-28,17.6,17.95,16.75,17.2,17.1,8910.0,1.55
2011-12-27,17.05,18.15,17.05,17.8,17.6,11798.0,2.1
2011-12-26,17.15,18.15,17.0,17.2,17.3,14696.0,2.6
2011-12-23,17.4,17.55,17.1,17.4,17.4,6528.0,1.14
2011-12-22,16.9,17.3,16.35,16.45,16.75,13426.0,2.24
2011-12-21,17.0,18.0,16.8,17.0,16.95,7042.0,1.21
2011-12-20,17.05,18.3,16.7,17.35,17.35,6861.0,1.18
2011-12-19,18.1,18.85,17.15,17.4,17.5,12387.0,2.17
2011-12-16,19.0,19.25,17.95,18.15,18.05,22142.0,4.09
2011-12-15,19.35,19.8,18.9,18.9,18.9,10062.0,1.91
2011-12-14,21.0,21.0,19.5,19.6,19.85,16654.0,3.31
2011-12-13,22.0,22.0,20.45,20.8,20.5,8173.0,1.72
2011-12-12,21.0,22.85,21.0,21.8,21.5,20673.0,4.63
2011-12-09,22.7,22.8,21.2,21.75,21.8,30915.0,6.79
2011-12-08,21.6,22.25,21.6,22.25,22.25,20143.0,4.48
2011-12-07,20.95,21.2,20.55,21.2,21.2,25459.0,5.39
2011-12-05,19.5,20.2,19.0,20.2,20.2,11731.0,2.32
2011-12-02,18.95,19.25,17.65,19.25,19.25,13938.0,2.64
2011-12-01,18.0,18.85,17.8,18.0,18.35,5341.0,0.97
2011-11-30,17.5,18.45,17.5,18.0,17.95,4469.0,0.8
2011-11-29,18.7,18.7,18.35,18.35,18.4,13952.0,2.58
2011-11-28,19.0,19.8,18.65,19.4,19.3,13548.0,2.65
2011-11-25,17.8,18.85,17.1,18.85,18.85,32225.0,5.88
2011-11-24,18.25,18.25,17.55,17.8,17.95,9566.0,1.7
2011-11-23,19.0,19.0,18.35,18.5,18.45,15267.0,2.82
2011-11-22,19.0,20.0,18.4,19.2,19.3,8713.0,1.67
2011-11-21,21.0,21.0,19.2,19.2,19.35,10794.0,2.11
2011-11-18,20.15,21.0,19.9,20.1,20.05,18824.0,3.78
2011-11-17,21.05,21.85,20.8,20.9,20.95,18561.0,3.88
2011-11-16,23.0,23.4,21.9,21.9,21.9,8864.0,1.95
2011-11-15,24.3,24.3,23.05,23.05,23.05,20780.0,4.81
2011-11-14,25.25,25.25,24.25,24.25,24.25,9405.0,2.31
2011-11-11,25.9,26.45,25.0,25.0,25.5,5740.0,1.46
2011-11-09,25.35,26.2,25.35,25.75,25.75,10427.0,2.67
2011-11-08,25.0,27.0,25.0,26.35,26.3,5370.0,1.42
2011-11-04,26.0,26.75,24.75,26.1,26.05,6863.0,1.79
2011-11-03,26.5,26.5,25.7,25.8,25.9,7250.0,1.88
2011-11-02,25.25,26.4,25.25,26.1,26.3,2716.0,0.71
2011-11-01,26.95,26.95,25.6,26.4,26.4,5435.0,1.42
2011-10-31,26.9,26.9,26.1,26.1,26.4,3772.0,1.0
2011-10-28,26.5,27.0,26.05,26.95,26.65,11998.0,3.19
2011-10-26,26.45,26.7,26.0,26.5,26.5,5130.0,1.36
2011-10-25,25.3,26.4,24.7,26.4,25.6,2678.0,0.68
2011-10-24,25.5,26.25,25.3,25.3,25.3,5828.0,1.49
2011-10-21,25.3,26.3,25.3,25.6,25.8,3731.0,0.97
2011-10-20,26.0,26.45,25.2,25.95,25.9,14662.0,3.74
2011-10-19,26.9,26.9,26.0,26.5,26.5,17050.0,4.48
2011-10-18,27.95,27.95,26.6,27.0,27.0,3961.0,1.07
2011-10-17,26.6,28.0,26.6,27.55,27.55,3484.0,0.96
2011-10-14,28.6,28.6,27.05,27.3,27.3,3564.0,0.98
2011-10-13,27.0,28.4,26.9,27.7,27.7,2849.0,0.79
2011-10-12,27.75,28.35,27.5,28.35,27.75,6027.0,1.68
2011-10-11,26.1,27.5,26.1,27.5,27.4,5367.0,1.46
2011-10-10,27.05,28.05,26.4,27.2,26.55,22087.0,6.0
2011-10-07,25.9,26.7,25.25,26.7,26.7,7056.0,1.85
2011-10-05,26.1,26.75,25.05,25.4,25.4,13908.0,3.56
2011-10-04,27.25,27.25,26.2,26.2,26.2,16233.0,4.31
2011-10-03,29.0,29.0,27.55,27.55,27.55,19044.0,5.25
2011-09-30,29.4,30.0,28.5,29.0,29.0,12782.0,3.71
2011-09-29,29.3,29.9,28.25,29.9,28.85,15739.0,4.52
2011-09-28,28.7,29.85,28.7,29.65,29.1,5200.0,1.52
2011-09-27,30.5,30.5,29.35,29.8,29.6,16264.0,4.85
2011-09-26,32.3,32.3,30.6,30.6,30.6,17450.0,5.38
2011-09-23,34.05,34.05,30.95,32.0,32.2,15250.0,4.89
2011-09-22,32.4,33.35,32.0,32.2,32.4,43022.0,14.12
2011-09-21,32.05,32.5,31.0,31.8,31.75,12005.0,3.82
2011-09-20,32.2,32.8,31.15,31.9,32.35,17759.0,5.68
2011-09-19,31.0,32.5,30.85,31.8,31.85,10727.0,3.4
2011-09-16,32.0,32.95,31.75,32.1,31.95,23490.0,7.58
2011-09-15,32.75,33.9,31.8,33.15,32.8,104391.0,34.39
2011-09-14,32.3,32.85,31.35,32.25,31.8,41716.0,13.28
2011-09-13,33.5,33.8,31.95,32.45,32.25,85884.0,28.41
2011-09-12,35.0,37.0,32.05,32.85,32.7,196079.0,65.75
2011-09-09,34.55,37.7,34.3,36.7,36.5,538554.0,196.46
2011-09-08,29.0,34.3,28.25,34.3,34.3,459595.0,150.65
2011-09-07,27.1,28.95,27.1,28.35,28.55,92981.0,26.46
2011-09-06,26.1,27.6,26.0,27.6,27.4,10973.0,2.95
2011-09-05,27.45,27.45,26.0,26.6,26.55,25940.0,6.86
2011-09-02,26.4,28.0,25.75,27.25,27.15,60208.0,16.49
2011-08-30,25.3,26.55,25.3,26.4,26.25,22859.0,5.97
2011-08-29,25.7,25.9,24.9,25.45,25.35,35950.0,9.17
2011-08-26,26.0,26.75,24.8,24.8,25.05,40922.0,10.52
2011-08-25,28.2,28.2,25.75,27.0,26.75,126960.0,34.15
2011-08-24,24.1,28.45,23.55,27.25,27.8,178747.0,48.61
2011-08-23,23.55,24.4,23.3,24.15,24.1,31139.0,7.49
2011-08-22,24.05,25.0,22.8,23.2,23.3,45316.0,10.66
2011-08-19,24.3,24.9,23.0,24.25,23.85,52442.0,12.56
2011-08-18,27.9,27.9,25.0,25.4,25.45,53100.0,13.51
2011-08-17,28.0,28.4,26.6,26.95,26.75,28830.0,7.87
2011-08-16,30.5,31.45,28.0,28.4,28.2,24961.0,7.16
2011-08-12,30.0,30.5,29.25,29.25,29.4,27697.0,8.28
2011-08-11,30.2,30.95,29.75,29.75,29.95,35771.0,10.84
2011-08-10,31.7,32.0,30.35,30.55,30.5,34627.0,10.77
2011-08-09,30.0,31.0,29.25,29.95,30.0,42710.0,12.88
2011-08-08,30.8,32.0,28.5,30.95,30.95,80745.0,24.75
2011-08-05,32.25,32.25,31.0,31.8,31.85,57882.0,18.38
2011-08-04,34.9,34.9,33.35,33.35,33.75,36624.0,12.53
2011-08-03,34.15,35.0,34.1,34.6,34.4,22890.0,7.85
2011-08-02,36.35,36.35,35.05,35.25,35.1,28584.0,10.16
2011-08-01,36.0,37.0,36.0,36.05,36.05,22475.0,8.13
2011-07-29,37.0,37.5,36.0,36.0,36.1,55559.0,20.2
2011-07-28,38.0,38.25,37.05,37.1,37.1,15560.0,5.85
2011-07-27,38.75,38.75,37.5,37.85,37.85,9492.0,3.61
2011-07-26,38.25,38.85,37.6,37.85,37.8,28973.0,11.01
2011-07-25,39.0,39.5,38.1,38.25,38.5,19408.0,7.46
2011-07-22,38.7,38.95,38.1,38.1,38.2,24630.0,9.48
2011-07-21,38.65,39.35,38.0,38.15,38.1,22256.0,8.55
2011-07-20,39.35,39.75,38.35,38.55,38.65,18207.0,7.12
2011-07-19,39.45,40.4,39.05,39.15,39.3,27019.0,10.71
2011-07-18,39.0,42.8,39.0,39.55,39.45,110677.0,44.73
2011-07-15,40.0,40.9,39.65,39.65,39.8,18192.0,7.26
2011-07-14,40.8,40.8,39.5,40.1,40.35,13093.0,5.29
2011-07-13,39.6,40.85,39.6,40.2,40.0,29212.0,11.75
2011-07-12,40.15,41.0,39.5,39.5,39.8,19912.0,7.97
2011-07-11,42.0,42.0,40.9,41.0,41.1,18978.0,7.85
2011-07-08,42.45,42.7,41.25,41.4,41.45,30360.0,12.8
2011-07-07,41.1,43.7,41.0,42.3,42.35,88813.0,37.93
2011-07-06,41.5,41.5,40.55,40.95,40.9,15253.0,6.26
2011-07-05,41.7,41.9,40.85,41.25,41.25,27748.0,11.47
2011-07-04,42.2,42.2,41.0,41.4,41.25,38738.0,16.02
2011-07-01,42.3,43.5,41.0,41.7,41.3,30110.0,12.63
2011-06-30,43.4,43.9,42.0,42.25,42.25,51453.0,22.07
2011-06-29,43.5,44.0,42.25,42.3,42.5,57598.0,24.7
2011-06-28,42.0,44.1,40.55,43.2,43.05,256827.0,111.0
2011-06-27,36.45,40.05,36.45,40.05,40.05,113208.0,44.87
2011-06-24,37.15,37.15,35.5,36.65,36.4,59349.0,21.53
2011-06-23,37.0,38.2,36.15,36.5,36.4,18947.0,6.97
2011-06-22,37.85,38.5,37.05,37.3,37.4,19453.0,7.31
2011-06-21,38.1,39.15,37.4,37.8,38.05,26740.0,10.26
2011-06-20,40.4,40.4,37.05,38.0,38.15,42150.0,16.2
2011-06-17,40.1,40.3,39.35,39.75,39.7,30558.0,12.19
2011-06-16,41.3,41.5,40.2,40.3,40.45,42537.0,17.33
2011-06-15,42.75,42.75,41.2,41.25,41.45,21803.0,9.09
2011-06-14,42.95,42.95,41.15,41.75,41.85,48823.0,20.52
2011-06-13,42.25,43.4,41.8,42.5,42.5,117025.0,49.79
2011-06-10,42.5,43.0,41.55,41.7,41.75,123688.0,52.27
2011-06-09,41.5,42.0,40.5,41.6,41.25,47689.0,19.69
2011-06-08,41.7,42.35,40.75,41.1,40.95,33942.0,14.05
2011-06-07,40.45,43.2,39.75,41.6,41.35,148750.0,62.48
2011-06-06,40.0,41.0,39.3,40.2,39.95,26354.0,10.53
2011-06-03,40.6,41.5,40.15,40.2,40.4,47543.0,19.43
2011-06-02,42.2,42.6,40.15,40.4,40.5,75258.0,30.81
2011-06-01,43.65,43.95,42.25,42.45,42.55,160906.0,69.14
2011-05-31,37.5,41.95,37.5,41.95,41.95,186953.0,75.98
2011-05-30,37.5,38.85,37.05,38.0,38.1,63502.0,24.3
2011-05-27,36.05,38.35,35.5,37.25,37.45,94323.0,35.42
2011-05-26,37.5,37.85,36.55,36.65,36.8,63295.0,23.58
2011-05-25,36.0,37.9,35.0,36.6,36.65,90515.0,32.92
2011-05-24,35.2,37.3,34.05,35.85,35.85,168460.0,60.73
2011-05-23,38.7,39.35,34.7,35.15,35.25,168537.0,60.66
2011-05-20,38.65,39.95,37.95,38.3,38.65,201438.0,77.62
2011-05-19,45.0,45.7,38.55,39.4,39.9,378025.0,158.46
2011-05-18,47.5,47.7,45.0,45.2,45.1,142660.0,65.28
2011-05-17,50.5,50.5,47.0,47.5,47.25,146193.0,70.28
2011-05-16,53.9,53.95,50.05,50.3,50.35,98700.0,50.71
2011-05-13,52.6,55.0,52.3,53.25,53.3,30652.0,16.46
2011-05-12,53.3,56.65,53.1,53.65,53.45,44654.0,24.35
2011-05-11,53.85,54.0,52.0,53.2,53.2,18787.0,9.98
2011-05-10,53.9,54.0,52.5,53.2,53.35,11725.0,6.25
2011-05-09,52.45,55.0,52.45,53.05,53.15,20140.0,10.76
2011-05-06,54.3,55.35,53.35,53.8,54.3,39743.0,21.56
2011-05-05,56.85,56.85,53.15,53.5,53.8,35742.0,19.67
2011-05-04,56.5,57.3,55.1,56.3,55.85,50470.0,28.19
2011-05-03,59.25,59.25,56.05,56.85,56.35,47230.0,27.02
2011-05-02,59.7,60.75,58.8,59.45,59.1,36090.0,21.54
2011-04-29,60.65,61.2,59.25,59.5,59.55,49759.0,29.99
2011-04-28,61.8,61.8,60.4,60.65,60.7,33327.0,20.31
2011-04-27,61.3,62.75,60.75,61.7,61.8,99924.0,61.74
2011-04-26,61.3,61.85,60.5,60.85,60.8,58301.0,35.55
2011-04-25,62.1,62.55,61.0,61.1,61.15,75618.0,46.65
2011-04-21,63.25,63.95,61.35,61.5,61.8,138574.0,86.98
2011-04-20,60.8,63.8,60.8,62.5,62.95,104817.0,65.69
2011-04-19,62.0,64.2,61.75,62.2,62.4,171052.0,107.68
2011-04-18,63.5,64.2,60.6,61.15,61.3,130597.0,81.7
2011-04-15,63.0,63.9,62.5,62.5,62.75,55181.0,34.78
2011-04-13,61.95,64.85,60.7,63.05,62.95,153826.0,97.66
2011-04-11,61.8,64.7,60.45,61.7,62.3,169359.0,106.03
2011-04-08,65.3,65.8,61.65,62.55,62.3,156779.0,99.52
2011-04-07,62.4,66.8,61.4,64.75,64.55,257140.0,165.01
2011-04-06,62.3,62.8,60.9,61.25,61.5,100143.0,61.79
2011-04-05,61.2,62.2,58.05,60.9,61.4,219412.0,132.73
2011-04-04,55.0,61.9,54.9,60.3,60.0,367348.0,214.79
2011-04-01,52.1,54.75,52.1,54.7,54.4,71592.0,38.47
2011-03-31,53.05,53.95,51.75,52.0,52.1,73139.0,38.54
2011-03-30,53.5,54.5,52.6,52.9,53.05,69158.0,36.98
2011-03-29,52.5,54.5,52.0,52.5,53.1,104902.0,55.99
2011-03-28,54.0,54.4,53.5,53.5,53.85,77912.0,42.03
2011-03-25,54.75,54.75,53.25,54.1,53.9,116451.0,62.81
2011-03-24,54.0,55.9,53.25,53.65,53.65,121809.0,66.47
2011-03-23,52.2,54.25,51.9,53.6,53.45,80045.0,42.52
2011-03-22,52.8,53.25,51.8,52.2,52.15,50218.0,26.32
2011-03-21,53.0,54.15,51.5,52.2,51.85,84935.0,44.58
2011-03-18,54.6,55.25,53.0,53.25,53.25,61284.0,32.79
2011-03-17,53.15,55.0,53.15,54.3,54.35,73616.0,39.93
2011-03-16,54.0,57.8,54.0,54.8,54.7,236020.0,132.44
2011-03-15,50.55,53.25,49.1,52.6,52.45,87798.0,45.85
2011-03-14,55.4,55.4,52.6,53.7,53.3,69009.0,37.11
2011-03-11,55.5,56.35,54.25,55.0,54.6,78489.0,43.27
2011-03-10,55.25,57.0,55.2,56.4,56.2,51347.0,28.94
2011-03-09,57.75,58.25,56.5,57.5,57.55,57281.0,32.83
2011-03-08,55.8,57.75,55.55,56.9,57.05,129318.0,73.6
2011-03-07,57.4,57.4,54.7,55.3,55.45,121311.0,67.63
2011-03-04,64.4,64.4,57.75,58.5,58.35,498397.0,299.08
2011-03-03,53.0,62.25,53.0,62.25,62.0,1550634.0,929.93
2011-03-01,49.4,52.7,47.0,51.6,51.85,198991.0,100.16
2011-02-28,50.75,50.95,45.15,47.8,47.4,132370.0,64.76
2011-02-25,52.0,52.5,49.9,50.75,50.55,90371.0,45.8
2011-02-24,53.1,53.6,51.5,52.0,51.8,108257.0,56.44
2011-02-23,53.85,54.9,51.7,53.4,52.95,118519.0,63.6
2011-02-22,55.75,55.75,51.5,53.25,52.85,323581.0,172.9
2011-02-21,59.0,60.2,55.2,55.95,55.7,149918.0,84.74
2011-02-18,60.2,62.75,58.2,58.9,58.7,183339.0,111.56
2011-02-17,62.75,63.0,60.05,60.05,60.3,211978.0,130.44
2011-02-16,65.2,65.2,62.1,62.75,62.75,273683.0,172.83
2011-02-15,72.5,72.5,65.55,66.35,66.3,256496.0,173.4
2011-02-14,69.4,72.0,67.0,71.6,71.55,127205.0,89.43
2011-02-11,58.05,67.7,58.05,67.0,65.6,168275.0,106.88
2011-02-10,63.0,63.0,58.1,59.4,59.7,164219.0,99.01
2011-02-09,65.55,67.8,62.3,63.2,63.15,99170.0,64.2
2011-02-08,73.0,73.0,67.5,67.95,67.85,77197.0,53.83
2011-02-07,73.85,74.8,71.25,71.95,71.7,41698.0,30.34
2011-02-04,75.9,76.8,73.6,74.0,74.1,62749.0,47.11
2011-02-03,73.5,75.45,72.6,75.0,75.0,54762.0,40.81
2011-02-02,73.35,74.95,72.0,74.1,73.75,97948.0,72.22
2011-02-01,74.0,76.95,71.25,71.5,71.9,133786.0,97.97
2011-01-31,77.0,77.0,74.9,75.8,75.95,84799.0,64.24
2011-01-28,81.95,82.0,77.25,78.75,78.35,183312.0,145.32
2011-01-27,85.0,85.5,81.75,82.2,82.05,106692.0,88.3
2011-01-25,85.85,85.85,84.1,85.0,84.6,46990.0,39.92
2011-01-24,86.6,86.6,84.5,84.6,84.9,71435.0,60.86
2011-01-21,86.9,88.0,85.45,85.5,85.9,47961.0,41.51
2011-01-20,86.8,87.6,85.5,87.5,87.15,54917.0,47.6
2011-01-19,87.15,89.55,84.35,88.0,87.25,106814.0,93.84
2011-01-18,86.6,88.75,85.5,86.5,86.4,90305.0,78.38
2011-01-17,88.9,89.6,86.0,86.2,86.2,79783.0,69.47
2011-01-14,91.3,92.0,88.1,88.3,88.6,87277.0,78.3
2011-01-13,93.85,94.6,91.3,91.3,91.7,115571.0,107.18
2011-01-12,92.5,94.4,90.65,94.0,93.85,84360.0,78.23
2011-01-11,92.0,94.75,87.0,93.15,92.5,102993.0,95.33
2011-01-10,97.0,97.7,92.45,93.05,92.85,86164.0,81.46
2011-01-07,101.05,103.05,96.4,96.55,97.25,186864.0,185.75
2011-01-06,104.9,104.9,100.05,101.05,100.8,101580.0,103.62
2011-01-05,105.0,107.0,102.7,103.4,103.55,165076.0,171.8
2011-01-04,107.0,108.9,105.0,106.9,106.35,355842.0,379.47
2011-01-03,97.1,105.0,96.0,104.8,104.4,533747.0,545.11
2010-12-31,95.75,96.75,93.25,96.25,96.25,136210.0,130.17
2010-12-30,94.9,95.4,93.5,95.0,95.0,93596.0,88.75
2010-12-29,92.6,95.0,92.6,94.3,93.9,97018.0,91.38
2010-12-28,93.6,93.6,90.5,92.0,91.25,69137.0,63.37
2010-12-27,95.0,95.6,92.8,93.6,93.55,73462.0,69.06
2010-12-24,92.1,96.0,90.1,94.3,94.25,124757.0,117.79
2010-12-23,94.45,94.45,90.5,93.0,92.3,90104.0,82.71
2010-12-22,96.45,96.45,92.25,93.3,93.0,138657.0,130.87
2010-12-21,89.4,94.7,87.1,93.2,92.9,325693.0,301.54
2010-12-20,83.95,87.95,83.1,87.95,87.3,176765.0,153.36
2010-12-16,81.5,86.5,80.6,83.2,83.45,187074.0,157.63
2010-12-15,86.7,87.65,77.35,81.7,80.2,234166.0,190.62
2010-12-14,88.6,89.8,86.5,86.75,86.85,97991.0,85.81
2010-12-13,85.0,88.5,84.55,87.05,87.3,102010.0,88.7
2010-12-10,83.0,87.4,79.6,84.6,84.55,120988.0,102.29
2010-12-09,88.15,88.95,82.05,83.5,82.65,157648.0,133.14
2010-12-08,92.0,92.0,88.6,89.5,88.95,87003.0,78.24
2010-12-07,95.9,95.9,92.05,92.4,92.6,72014.0,67.28
2010-12-06,98.4,99.7,94.15,95.0,95.1,91608.0,88.57
2010-12-03,100.5,100.95,94.5,96.5,96.15,179291.0,174.14
2010-12-02,99.1,106.9,99.1,99.5,99.9,605053.0,619.4
2010-12-01,91.3,101.6,90.9,97.95,98.2,469279.0,460.26
2010-11-30,85.0,92.4,84.15,90.25,90.05,185057.0,164.67
2010-11-29,88.0,91.9,83.0,86.0,86.0,233522.0,200.45
2010-11-26,92.2,97.9,84.25,88.0,88.1,291771.0,259.14
2010-11-25,103.35,107.85,93.25,96.5,94.9,343651.0,337.25
2010-11-24,107.3,111.2,104.05,106.0,105.85,122835.0,132.9
2010-11-23,105.3,113.45,105.3,107.05,107.3,198131.0,216.34
2010-11-22,114.0,115.0,105.1,109.55,109.65,169174.0,185.97
2010-11-19,115.2,119.0,111.0,112.0,113.05,76572.0,88.38
2010-11-18,120.55,121.1,113.7,116.95,116.9,143749.0,168.2
2010-11-16,127.0,128.9,119.05,119.1,120.4,120443.0,147.81
2010-11-15,130.3,133.0,126.6,127.2,127.3,83350.0,107.27
2010-11-12,134.7,136.0,130.6,131.8,131.2,86282.0,114.73
2010-11-11,137.0,138.05,133.8,134.9,134.4,80967.0,110.16
2010-11-10,136.15,138.15,135.65,136.95,136.2,74181.0,101.43
2010-11-09,135.3,140.5,135.3,136.95,137.1,112452.0,155.16
2010-11-08,138.3,139.9,134.1,136.85,136.4,94011.0,128.47
2010-11-05,139.95,140.75,138.6,139.75,140.0,60110.0,84.04
2010-11-04,139.5,141.9,136.2,138.0,137.75,364556.0,507.77
2010-11-03,132.15,139.8,132.15,136.55,136.75,500565.0,684.89
2010-11-02,131.25,132.8,130.15,131.0,131.0,56321.0,74.02
2010-11-01,132.05,134.0,130.75,131.5,131.65,61760.0,81.53
2010-10-29,134.65,134.9,131.0,131.85,131.65,72719.0,96.48
2010-10-28,138.25,139.95,133.2,135.3,134.65,104016.0,143.12
2010-10-27,131.15,141.5,131.15,137.15,137.25,381398.0,526.83
2010-10-26,133.0,134.35,130.1,131.5,131.45,56430.0,74.64
2010-10-25,131.75,134.6,131.6,132.25,132.45,74942.0,99.92
2010-10-22,132.3,133.95,130.75,131.2,131.6,61836.0,81.71
2010-10-21,130.25,133.75,128.0,132.1,132.2,104583.0,138.4
2010-10-20,130.3,131.4,128.75,129.95,129.95,41115.0,53.5
2010-10-19,129.5,131.7,129.0,130.15,129.65,62630.0,81.65
2010-10-18,131.0,131.85,127.2,130.9,129.25,47927.0,61.55
2010-10-15,132.0,133.0,130.2,130.3,130.65,53993.0,70.95
2010-10-14,132.5,133.25,131.55,132.4,132.0,57473.0,76.0
2010-10-13,133.0,134.0,131.1,132.0,131.6,60896.0,80.49
2010-10-12,131.8,134.95,131.0,132.0,132.05,101667.0,135.14
2010-10-11,131.0,132.95,130.55,132.4,131.75,56961.0,75.17
2010-10-08,130.55,133.0,129.25,130.55,130.15,66390.0,87.12
2010-10-07,132.75,134.0,130.0,130.75,130.5,92118.0,121.56
2010-10-06,133.4,134.2,130.9,132.0,131.95,78972.0,104.68
2010-10-05,132.2,134.2,130.15,132.4,132.15,80668.0,106.85
2010-10-04,134.5,135.6,130.0,131.95,131.4,78396.0,104.02
2010-10-01,128.0,134.9,128.0,134.0,133.45,217013.0,288.57
2010-09-30,130.3,131.2,125.65,126.55,126.85,190371.0,242.67
2010-09-29,137.0,137.4,127.25,130.2,129.1,182528.0,240.04
2010-09-28,139.65,139.65,135.0,135.45,135.65,78804.0,107.31
2010-09-27,141.0,141.7,138.1,138.1,138.85,49518.0,69.14
2010-09-24,138.0,142.2,138.0,139.4,139.6,81326.0,114.39
2010-09-23,125.0,142.35,125.0,139.45,139.85,130188.0,182.18
2010-09-22,138.55,141.75,137.3,138.6,138.45,106341.0,147.82
2010-09-21,143.5,143.95,137.55,138.5,138.55,164964.0,230.1
2010-09-20,146.5,147.5,142.7,143.5,143.25,164809.0,238.76
2010-09-17,147.7,147.7,142.5,144.7,144.5,173985.0,252.05
2010-09-16,150.0,150.15,145.7,147.5,146.65,103655.0,153.05
2010-09-15,151.55,154.9,148.6,149.4,149.25,261847.0,395.69
2010-09-14,148.5,153.75,148.1,148.6,149.0,584570.0,882.64
2010-09-13,147.4,148.35,145.7,145.7,146.15,114800.0,168.6
2010-09-09,146.4,148.9,145.1,146.7,146.0,217262.0,319.01
2010-09-08,145.0,149.55,142.6,144.5,144.6,470986.0,690.43
2010-09-07,138.0,148.1,136.0,143.85,144.0,646240.0,930.89
2010-09-06,136.15,138.5,136.1,137.45,137.0,138773.0,190.58
2010-09-03,137.5,137.65,134.55,135.3,135.15,95459.0,129.68
2010-09-02,137.4,139.9,136.2,137.0,136.7,202639.0,278.96
2010-09-01,131.95,138.45,131.0,135.3,134.95,265712.0,358.72
2010-08-31,137.25,137.6,126.85,129.55,129.9,365574.0,477.3
2010-08-30,138.8,141.4,136.1,137.65,137.25,290211.0,403.18
2010-08-27,137.5,141.5,135.2,135.5,135.75,447558.0,619.17
2010-08-26,135.0,142.0,134.05,137.4,137.25,979010.0,1355.02
2010-08-25,120.95,133.05,120.15,133.05,133.0,1301356.0,1697.96
2010-08-24,123.0,124.7,120.0,121.6,120.95,266707.0,324.51
2010-08-23,125.85,126.35,121.1,122.35,121.9,259052.0,320.64
2010-08-20,125.0,128.95,115.0,124.45,124.25,357901.0,452.1
2010-08-19,125.5,129.7,124.5,127.15,126.65,533920.0,679.82
2010-08-18,119.5,124.9,118.2,124.45,123.45,808044.0,989.52
2010-08-17,117.0,127.65,115.5,117.4,117.35,1689298.0,2070.28
2010-08-16,141.5,144.9,111.1,116.3,116.7,2201199.0,2605.67
2010-08-13,148.0,151.8,138.0,138.4,138.85,304788.0,432.86
2010-08-12,162.0,162.0,148.15,149.0,149.5,212217.0,326.18
2010-08-11,169.5,170.05,162.2,162.2,163.1,76362.0,126.8
2010-08-10,169.55,171.95,167.0,169.8,169.4,47263.0,80.01
2010-08-09,172.5,172.5,168.85,169.7,169.55,30584.0,52.04
2010-08-06,172.4,173.6,169.2,170.0,169.9,36769.0,63.1
2010-08-05,171.95,174.95,171.55,172.0,172.4,58523.0,101.43
2010-08-04,170.45,171.9,168.05,169.3,169.6,28886.0,49.06
2010-08-03,171.1,173.45,170.0,170.15,170.4,13783.0,23.61
2010-08-02,171.0,174.65,169.05,172.7,172.6,82848.0,143.44
2010-07-30,171.35,171.4,167.6,168.95,168.15,18334.0,31.06
2010-07-29,171.0,174.0,170.55,171.0,171.25,14355.0,24.7
2010-07-28,172.3,175.0,171.55,172.75,172.65,28660.0,49.68
2010-07-27,174.25,176.75,171.0,171.05,171.8,23458.0,40.56
2010-07-26,178.8,178.8,173.1,174.0,174.5,17443.0,30.65
2010-07-23,182.0,182.4,176.1,176.75,177.35,23026.0,41.3
2010-07-22,182.7,182.7,180.05,180.15,180.95,27276.0,49.48
2010-07-21,179.0,182.5,179.0,181.2,180.75,46060.0,83.49
2010-07-20,181.0,182.6,178.5,179.0,179.2,27926.0,50.38
2010-07-19,175.0,180.8,174.65,178.5,178.6,45135.0,80.53
2010-07-16,178.5,180.9,174.05,174.5,174.75,77680.0,136.39
2010-07-15,186.1,186.1,175.1,176.9,176.4,136348.0,242.42
2010-07-14,193.15,193.5,186.05,186.8,186.9,25860.0,48.86
2010-07-13,185.55,194.0,185.55,191.85,191.85,61698.0,117.42
2010-07-12,187.2,192.2,185.0,186.15,186.65,67373.0,127.14
2010-07-09,184.0,188.0,184.0,185.9,185.4,31061.0,57.74
2010-07-08,185.7,185.7,181.0,183.5,182.1,24688.0,45.35
2010-07-07,184.0,186.0,181.1,181.1,181.5,24990.0,45.71
2010-07-06,177.5,186.9,176.5,183.7,183.8,87550.0,160.67
2010-07-05,176.0,179.2,175.0,178.7,177.9,13477.0,23.83
2010-07-02,178.0,178.95,174.35,176.25,175.5,23544.0,41.65
2010-07-01,176.15,179.0,176.15,177.5,177.4,10094.0,17.93
2010-06-30,177.3,179.05,175.15,178.15,177.6,13543.0,24.05
2010-06-29,178.0,181.0,177.15,178.0,177.9,23480.0,41.96
2010-06-28,176.15,179.0,175.0,178.0,177.45,21567.0,38.17
2010-06-25,176.15,181.3,175.1,175.7,176.4,34329.0,61.32
2010-06-24,177.8,182.0,176.3,178.0,177.6,32240.0,57.72
2010-06-23,167.15,179.0,166.2,177.0,176.55,85484.0,149.88
2010-06-22,171.95,171.95,168.4,169.1,168.8,28809.0,48.83
2010-06-21,173.2,174.75,169.0,169.95,169.6,37893.0,65.15
2010-06-18,174.7,178.0,172.1,172.7,172.8,14012.0,24.51
2010-06-17,174.0,174.95,172.25,173.45,173.25,13893.0,24.08
2010-06-16,176.0,177.2,172.0,172.1,172.8,35156.0,61.32
2010-06-15,177.8,179.5,174.5,175.0,175.65,15279.0,26.97
2010-06-14,172.0,180.0,172.0,177.0,176.3,48698.0,86.22
2010-06-11,172.5,174.5,170.5,170.75,171.0,15864.0,27.36
2010-06-10,167.0,172.9,167.0,172.5,172.0,24234.0,41.54
2010-06-09,169.15,172.35,168.05,170.0,168.9,13954.0,23.74
2010-06-08,175.65,177.5,168.05,168.55,168.8,46290.0,79.92
2010-06-07,177.25,182.7,174.3,175.0,175.7,78568.0,139.73
2010-06-04,177.0,182.7,177.0,182.0,181.25,35224.0,63.62
2010-06-03,177.1,181.45,174.2,176.65,177.2,37926.0,67.23
2010-06-02,179.1,181.4,174.0,175.35,176.05,37526.0,66.23
2010-06-01,183.85,183.85,177.15,177.6,177.7,19597.0,35.15
2010-05-31,183.0,184.8,178.0,183.5,183.05,13706.0,24.97
2010-05-28,178.1,187.0,178.1,179.35,181.25,59575.0,108.92
2010-05-27,176.0,179.0,176.0,176.3,176.85,11526.0,20.45
2010-05-26,180.0,182.95,175.2,178.4,177.9,10687.0,19.09
2010-05-25,180.0,182.0,173.3,177.25,176.95,21724.0,38.41
2010-05-24,179.0,186.6,179.0,181.3,181.8,44006.0,80.67
2010-05-21,174.0,177.0,167.05,175.9,175.05,60235.0,104.94
2010-05-20,190.1,193.0,172.75,174.0,174.55,127112.0,228.52
2010-05-19,181.15,194.5,181.15,190.15,190.1,70381.0,134.49
2010-05-18,202.3,208.8,188.55,189.9,191.25,190068.0,372.19
2010-05-17,203.0,205.7,198.5,202.8,203.8,38855.0,78.68
2010-05-14,207.6,214.1,205.0,205.5,206.0,63542.0,133.43
2010-05-13,209.9,211.9,208.1,209.25,209.2,24918.0,52.25
2010-05-12,208.25,213.8,206.0,207.5,207.45,25564.0,53.41
2010-05-11,216.5,216.5,209.3,209.3,210.3,37830.0,80.68
2010-05-10,208.0,216.4,207.15,214.3,214.65,55035.0,116.49
2010-05-07,210.0,213.7,203.4,205.2,205.7,79846.0,167.22
2010-05-06,221.0,221.0,213.5,214.0,214.6,88728.0,191.75
2010-05-05,215.1,222.2,212.0,220.0,219.6,126440.0,275.08
2010-05-04,232.8,235.0,218.55,219.4,220.35,211317.0,477.74
2010-05-03,233.9,241.5,228.0,230.6,231.6,185611.0,438.0
2010-04-30,224.0,243.4,219.0,234.05,233.95,540991.0,1279.42
2010-04-29,220.9,227.8,220.9,224.15,225.5,51071.0,115.17
2010-04-28,226.0,229.25,216.75,219.0,218.75,66547.0,148.43
2010-04-27,225.5,236.25,222.1,229.0,228.35,215952.0,499.5
2010-04-26,219.95,229.0,219.95,225.1,225.1,90276.0,203.79
2010-04-23,221.25,225.7,215.75,216.95,217.9,60925.0,133.83
2010-04-22,227.1,228.5,216.35,218.7,219.95,99871.0,224.92
2010-04-21,220.0,228.35,218.0,225.1,225.1,149876.0,337.51
2010-04-20,211.9,220.9,211.55,218.1,218.8,68470.0,148.65
2010-04-19,218.0,218.0,208.1,209.5,209.95,70421.0,149.67
2010-04-16,217.5,222.7,212.0,220.0,220.6,74216.0,162.04
2010-04-15,218.9,224.0,215.5,216.0,216.6,119806.0,264.33
2010-04-13,207.65,218.0,204.55,215.0,216.45,195605.0,418.5
2010-04-12,206.0,207.9,204.1,205.95,205.55,26295.0,54.2
2010-04-09,203.95,209.0,202.2,203.45,203.4,40692.0,83.08
2010-04-08,205.0,208.4,201.7,201.9,202.55,33002.0,67.75
2010-04-07,208.0,210.95,203.8,205.4,204.65,44912.0,92.79
2010-04-06,214.0,214.7,206.5,207.0,206.9,35831.0,74.8
2010-04-05,206.4,214.8,204.2,210.0,210.35,117352.0,247.01
2010-04-01,204.5,208.9,203.0,203.9,203.8,46180.0,94.73
2010-03-31,208.35,211.75,201.0,202.0,202.1,75325.0,155.08
2010-03-30,200.5,214.35,200.5,208.2,209.25,328452.0,687.03
2010-03-29,196.85,207.35,195.05,200.0,197.9,108898.0,219.73
2010-03-26,204.4,207.6,195.15,195.55,196.85,94480.0,190.27
2010-03-25,188.5,210.3,188.5,202.3,202.75,589773.0,1206.06
2010-03-23,189.6,193.0,185.35,188.5,188.45,74881.0,141.02
2010-03-22,187.0,189.35,183.4,184.3,184.95,23128.0,43.2
2010-03-19,188.0,189.6,186.9,189.6,188.7,31121.0,58.67
2010-03-18,189.05,190.4,185.1,187.25,186.2,20274.0,38.24
2010-03-17,189.55,191.35,188.3,188.4,188.75,28818.0,54.66
2010-03-16,188.0,192.0,186.8,189.5,189.25,34189.0,64.49
2010-03-15,193.0,194.9,189.65,190.0,190.1,22423.0,42.98
2010-03-12,194.4,195.5,190.5,192.2,192.8,28691.0,55.47
2010-03-11,195.0,196.95,193.25,194.4,193.8,19216.0,37.5
2010-03-10,200.0,201.1,193.2,194.15,193.75,36531.0,71.6
2010-03-09,196.85,201.75,196.0,199.0,198.75,54420.0,108.75
2010-03-08,199.95,204.5,197.0,197.05,197.9,76074.0,152.36
2010-03-05,197.15,203.0,196.6,197.1,197.95,29323.0,58.56
2010-03-04,196.0,199.9,194.1,199.9,198.9,55144.0,108.84
2010-03-03,196.9,197.8,193.5,194.75,195.2,47154.0,92.16
2010-03-02,198.0,199.95,194.0,194.05,195.0,53167.0,104.33
2010-02-26,194.5,197.0,192.1,193.95,194.15,23173.0,45.08
2010-02-25,196.0,197.45,192.0,194.6,194.0,13181.0,25.73
2010-02-24,193.0,198.7,192.4,194.2,194.5,17685.0,34.55
2010-02-23,191.0,203.4,191.0,196.0,195.7,173802.0,346.64
2010-02-22,198.5,199.9,192.0,193.85,192.9,66349.0,129.91
2010-02-19,194.4,196.7,191.0,192.5,193.0,24247.0,46.95
2010-02-18,198.1,200.95,193.6,194.0,194.7,20079.0,39.54
2010-02-17,203.2,203.2,197.05,198.5,198.2,23032.0,46.18
2010-02-16,198.0,204.95,197.2,197.25,198.25,38564.0,77.48
2010-02-15,203.0,203.85,198.0,199.95,200.05,32057.0,64.21
2010-02-11,204.0,206.95,200.15,200.95,201.05,19879.0,40.23
2010-02-10,202.0,203.0,198.4,199.95,199.95,87246.0,174.07
2010-02-09,197.0,204.05,196.05,198.5,198.0,38374.0,76.78
2010-02-08,199.0,202.0,195.4,195.7,196.4,41026.0,81.35
2010-02-06,198.5,201.0,194.25,197.55,198.6,15899.0,31.53
2010-02-05,197.0,198.0,192.4,197.0,195.4,45877.0,89.47
2010-02-04,207.0,209.8,201.0,203.5,201.95,30540.0,62.85
2010-02-03,207.95,214.1,206.5,209.5,209.0,62109.0,131.41
2010-02-02,211.95,214.95,202.5,205.0,204.25,44235.0,92.55
2010-02-01,203.55,213.7,203.0,207.4,209.3,96564.0,202.76
2010-01-29,199.9,206.0,195.1,204.7,203.0,61933.0,124.8
2010-01-28,210.6,214.4,200.4,202.0,201.2,44990.0,92.81
2010-01-27,216.6,219.5,205.4,206.0,208.4,65049.0,136.93
2010-01-25,216.7,223.7,214.4,216.25,216.55,87503.0,191.91
2010-01-22,205.15,220.9,205.15,217.5,216.95,78382.0,169.13
2010-01-21,231.5,235.05,217.0,220.0,220.7,241133.0,546.28
2010-01-20,235.4,252.5,230.0,232.0,232.75,561601.0,1366.58
2010-01-19,226.55,244.4,226.55,233.35,233.6,470092.0,1118.32
2010-01-18,204.0,231.25,203.9,229.9,223.2,231832.0,507.85
2010-01-15,207.7,214.3,207.65,210.0,209.4,71468.0,150.6
2010-01-14,205.95,210.5,204.9,209.0,208.25,52573.0,109.17
2010-01-13,205.65,208.95,203.6,205.0,204.65,34669.0,71.42
2010-01-12,212.5,214.9,203.0,203.05,203.6,48883.0,101.78
2010-01-11,206.95,216.9,205.5,211.95,211.65,82073.0,174.43
2010-01-08,207.0,210.95,204.5,206.0,205.45,36422.0,75.94
2010-01-07,206.15,210.95,205.7,206.25,206.7,34699.0,72.09
2010-01-06,207.9,209.45,205.1,205.1,205.35,18148.0,37.58
2010-01-05,210.0,211.8,205.55,206.95,206.55,41416.0,86.55
2010-01-04,208.7,211.45,206.05,208.0,209.2,24841.0,52.0
2009-12-31,210.95,212.4,205.0,205.0,206.8,36066.0,75.46
2009-12-30,212.5,212.5,207.0,208.0,207.65,21918.0,45.82
2009-12-29,207.3,215.9,205.0,209.05,209.3,55621.0,117.09
2009-12-24,211.4,211.9,206.1,206.35,207.25,22635.0,47.3
2009-12-23,209.5,216.0,205.1,211.5,210.45,193974.0,411.57
2009-12-22,196.0,218.9,196.0,208.15,208.9,613084.0,1306.06
2009-12-21,196.6,203.0,194.3,196.0,195.1,41861.0,83.19
2009-12-18,200.1,203.75,194.0,194.0,195.2,39126.0,77.77
2009-12-17,198.8,201.7,196.4,198.0,198.25,17969.0,35.85
2009-12-16,198.0,200.95,195.0,198.0,197.75,23384.0,46.33
2009-12-15,204.0,206.5,194.6,196.05,196.5,41073.0,82.33
2009-12-14,208.95,209.25,202.0,202.5,203.25,13041.0,26.63
2009-12-11,210.95,212.0,205.65,207.95,207.25,18186.0,37.8
2009-12-10,212.95,214.9,205.55,206.1,206.95,24818.0,52.02
2009-12-09,220.0,220.0,210.0,212.0,211.05,36972.0,79.31
2009-12-08,214.7,220.0,211.45,214.0,214.35,99229.0,215.05
2009-12-07,249.25,249.25,208.0,210.95,210.8,121129.0,259.38
2009-12-04,203.1,215.0,203.1,207.7,207.7,87524.0,184.53
2009-12-03,203.35,209.0,200.55,203.8,203.3,45203.0,92.78
2009-12-02,201.0,204.0,199.3,200.15,200.25,10344.0,20.91
2009-12-01,199.05,202.4,196.9,199.95,200.4,24351.0,48.78
2009-11-30,194.5,200.0,194.5,199.5,199.15,15370.0,30.4
2009-11-27,196.9,196.9,187.0,193.05,193.05,31887.0,60.81
2009-11-26,240.0,240.0,196.65,198.25,197.65,25278.0,50.45
2009-11-25,203.8,204.4,197.0,200.35,200.2,42923.0,86.53
2009-11-24,204.2,209.5,200.05,201.75,201.3,67375.0,138.64
2009-11-23,240.0,240.0,201.5,203.0,203.6,85345.0,178.04
2009-11-20,206.0,207.0,199.05,200.0,200.85,35935.0,72.66
2009-11-19,202.8,214.9,197.1,204.5,206.65,219749.0,457.89
2009-11-18,199.05,200.75,197.05,198.9,198.9,12878.0,25.62
2009-11-17,199.0,202.95,198.0,198.95,200.25,30884.0,62.01
2009-11-16,202.95,202.95,196.25,196.3,198.55,21296.0,42.48
2009-11-13,201.0,203.0,197.15,198.0,198.05,40525.0,80.75
2009-11-12,198.0,202.8,198.0,199.9,199.35,16628.0,33.32
2009-11-11,200.0,203.95,199.0,201.0,199.85,11805.0,23.69
2009-11-10,205.8,210.0,198.05,199.0,199.1,42061.0,85.85
2009-11-09,197.0,205.9,197.0,204.0,204.45,65483.0,132.87
2009-11-06,188.05,198.0,187.05,198.0,196.2,48142.0,92.71
2009-11-05,183.1,194.9,181.15,186.5,186.95,71079.0,134.44
2009-11-04,178.0,184.4,177.05,183.0,183.1,41062.0,74.69
2009-11-03,196.4,203.0,175.05,175.4,176.75,49822.0,93.39
2009-10-30,204.7,209.8,193.05,195.45,195.35,98483.0,198.79
2009-10-29,192.1,200.3,188.1,197.35,197.35,33308.0,65.76
2009-10-28,189.0,204.0,183.6,199.5,199.65,67229.0,132.08
2009-10-27,194.0,201.0,186.2,188.3,188.2,48871.0,93.82
2009-10-26,208.5,209.75,199.1,199.3,200.05,36569.0,74.81
2009-10-23,211.9,214.85,205.3,206.75,206.05,30272.0,63.11
2009-10-22,215.9,221.7,205.0,207.4,206.8,80398.0,171.09
2009-10-21,208.0,225.9,205.3,212.15,212.65,227968.0,492.62
2009-10-20,210.5,220.5,207.0,208.0,208.5,185979.0,399.71
2009-10-17,209.9,216.4,206.35,209.65,211.25,62393.0,132.97
2009-10-16,200.0,213.4,198.0,205.1,206.3,254421.0,529.03
2009-10-15,182.7,204.9,174.8,199.5,198.55,21321.0,42.64
2009-10-14,203.35,205.0,198.5,201.2,200.75,75281.0,151.71
2009-10-12,197.85,204.3,193.35,199.0,199.85,185300.0,372.17
2009-10-09,195.0,201.4,192.0,193.35,194.35,61615.0,121.51
2009-10-08,193.0,195.5,192.0,192.0,192.3,28716.0,55.43
2009-10-07,189.1,202.0,186.55,192.0,191.8,105424.0,204.7
2009-10-06,189.9,193.0,185.1,186.0,187.25,29637.0,55.79
2009-10-05,190.0,192.75,187.0,189.05,189.2,98565.0,186.75
2009-10-01,202.75,204.0,189.9,190.95,191.55,100516.0,197.14
2009-09-30,199.0,212.0,197.5,203.45,204.6,162448.0,337.21
2009-09-29,201.0,204.8,196.0,196.15,198.0,42080.0,84.59
2009-09-25,194.55,205.5,194.0,197.2,197.65,84844.0,170.1
2009-09-24,193.1,203.0,192.5,197.15,197.2,109341.0,216.26
2009-09-23,224.25,224.25,195.0,197.5,197.6,238902.0,490.34
2009-09-22,188.0,220.35,185.0,217.05,220.0,652598.0,1393.04
2009-09-18,180.5,188.0,180.0,183.0,183.6,26935.0,49.87
2009-09-17,182.0,188.8,179.85,182.05,181.75,44292.0,81.36
2009-09-16,177.8,182.0,176.05,180.4,180.0,27349.0,49.14
2009-09-15,178.8,178.8,173.1,175.5,175.5,16651.0,29.35
2009-09-14,166.1,182.0,166.1,174.0,175.1,29229.0,51.74
2009-09-11,183.0,183.0,175.0,176.25,176.4,36681.0,64.82
2009-09-10,184.0,187.0,178.5,179.5,179.65,43390.0,78.69
2009-09-09,175.5,184.3,173.1,180.4,180.35,98814.0,177.21
2009-09-08,175.8,176.8,170.5,174.0,175.25,55449.0,96.21
2009-09-07,165.7,174.0,161.6,170.0,170.8,69598.0,116.96
2009-09-04,160.4,165.0,159.0,161.0,160.7,36655.0,59.31
2009-09-03,159.45,164.9,156.35,157.7,157.6,28396.0,45.51
2009-09-02,159.5,162.8,155.05,155.5,155.3,32322.0,51.08
2009-09-01,171.95,174.9,157.0,159.0,158.5,38550.0,64.1
2009-08-31,167.6,177.0,167.5,169.0,170.0,33222.0,57.11
2009-08-28,172.8,175.9,169.15,170.9,170.7,29011.0,50.07
2009-08-27,169.7,177.4,166.5,169.65,170.2,27477.0,47.4
2009-08-26,174.45,174.45,167.5,169.0,168.1,44122.0,75.31
2009-08-25,176.65,182.0,168.0,171.1,172.45,82264.0,143.45
2009-08-24,165.0,186.5,165.0,173.1,174.4,138260.0,243.74
2009-08-21,155.0,166.0,151.0,164.95,161.55,70021.0,112.3
2009-08-20,154.0,159.5,152.9,153.0,154.15,49379.0,77.63
2009-08-19,154.0,154.5,148.0,150.0,149.45,12289.0,18.41
2009-08-18,150.0,156.5,149.3,152.0,152.25,44532.0,68.14
2009-08-17,147.05,154.0,147.05,149.6,149.3,40766.0,61.05
2009-08-14,158.2,158.2,149.9,153.0,151.05,30416.0,46.67
2009-08-13,144.0,165.0,142.0,157.0,156.75,129956.0,203.14
2009-08-12,144.0,144.0,136.0,138.05,138.4,14531.0,20.31
2009-08-11,144.0,148.0,135.0,142.4,142.1,11071.0,15.58
2009-08-10,140.85,142.8,137.0,141.0,140.2,16814.0,23.65
2009-08-07,142.0,145.25,135.15,137.25,136.95,14888.0,20.73
2009-08-06,150.1,156.5,141.5,141.5,143.9,18019.0,26.82
2009-08-05,151.5,158.0,148.15,152.3,153.6,20800.0,31.94
2009-08-04,159.95,159.95,149.0,150.9,150.6,20000.0,30.95
2009-08-03,148.95,161.0,148.95,157.0,159.25,47301.0,74.25
2009-07-31,139.8,155.0,138.0,145.3,148.85,108072.0,159.79
2009-07-30,145.0,145.0,129.0,135.25,135.15,29894.0,40.26
2009-07-29,130.0,134.0,128.0,130.0,129.1,23454.0,30.44
2009-07-28,125.25,135.9,125.25,130.05,130.8,51384.0,67.41
2009-07-27,128.1,132.5,127.15,127.65,127.8,26233.0,34.13
2009-07-24,126.25,131.0,126.25,128.4,128.0,12748.0,16.38
2009-07-23,128.95,129.95,124.05,126.0,125.95,10722.0,13.62
2009-07-22,118.9,128.8,118.25,124.9,123.9,33315.0,41.49
2009-07-21,118.0,120.0,116.1,118.2,118.95,14197.0,16.77
2009-07-20,117.0,119.0,115.2,116.1,117.15,15381.0,18.05
2009-07-17,116.0,118.7,115.0,115.8,116.4,15101.0,17.61
2009-07-16,117.25,120.95,113.6,113.6,113.95,45635.0,53.03
2009-07-15,113.0,119.0,112.5,116.5,116.3,27685.0,32.26
2009-07-14,110.05,114.8,110.05,113.5,113.8,20365.0,23.06
2009-07-13,109.8,112.0,109.1,109.75,109.7,22988.0,25.4
2009-07-10,115.9,116.0,112.1,112.2,113.0,12028.0,13.69
2009-07-09,113.0,127.9,111.0,113.5,113.15,50922.0,60.38
2009-07-08,118.0,118.0,110.0,113.0,113.55,13751.0,15.6
2009-07-07,115.25,123.0,115.25,119.5,118.2,13836.0,16.24
2009-07-06,119.0,120.0,116.0,117.4,118.6,28188.0,33.34
2009-07-03,112.3,119.95,112.3,114.5,115.05,9745.0,11.32
2009-07-02,117.0,119.0,116.0,116.45,117.0,3591.0,4.21
2009-07-01,120.0,120.0,115.15,115.15,117.55,7840.0,9.26
2009-06-30,122.1,123.8,119.05,121.35,119.65,6702.0,8.06
2009-06-29,120.0,124.5,119.5,122.0,122.35,12212.0,14.99
2009-06-26,121.9,126.25,115.1,122.0,122.75,29386.0,36.01
2009-06-25,122.5,123.25,116.0,116.55,116.75,7547.0,8.96
2009-06-24,123.9,128.5,120.0,121.0,122.05,20844.0,25.78
2009-06-23,111.0,123.3,105.2,122.6,122.7,18700.0,21.54
2009-06-22,114.5,116.0,107.0,111.1,112.05,18326.0,20.37
2009-06-19,112.0,114.95,109.2,113.0,113.2,19858.0,22.21
2009-06-18,105.0,110.8,105.0,109.0,109.0,59295.0,64.71
2009-06-17,119.4,121.7,107.0,109.0,109.4,124069.0,139.85
2009-06-16,118.95,118.95,111.45,114.2,115.75,27949.0,32.09
2009-06-15,134.5,134.5,118.8,120.0,120.2,25684.0,31.57
2009-06-12,130.5,135.15,129.05,130.75,132.0,14701.0,19.51
2009-06-11,138.0,138.25,129.1,130.1,132.45,22220.0,29.29
2009-06-10,144.0,146.9,136.0,140.0,137.85,22524.0,31.86
2009-06-09,139.0,141.0,131.5,135.65,136.4,22204.0,30.27
2009-06-08,151.4,156.25,137.0,140.0,140.45,79310.0,117.59
2009-06-05,152.0,160.0,150.0,152.0,151.15,33955.0,52.68
2009-06-04,152.35,158.4,136.0,152.8,153.7,37159.0,56.62
2009-06-03,145.8,154.0,142.0,149.0,148.1,141709.0,209.91
2009-06-02,119.7,140.6,114.0,140.6,140.6,132996.0,173.45
2009-06-01,119.8,120.0,116.0,117.9,117.15,28570.0,33.69
2009-05-29,114.95,118.75,112.75,116.05,116.35,23259.0,27.05
2009-05-28,112.5,116.0,111.05,111.1,111.9,19932.0,22.61
2009-05-27,113.2,115.0,109.1,112.0,111.55,42050.0,46.87
2009-05-26,123.95,123.95,103.0,108.5,106.2,49734.0,56.91
2009-05-25,105.5,117.9,105.5,117.7,117.2,80022.0,89.13
2009-05-22,100.0,107.5,100.0,102.6,102.65,28436.0,29.2
2009-05-21,96.0,109.0,96.0,100.0,100.9,59084.0,61.25
2009-05-20,88.0,96.0,87.0,95.95,94.75,25306.0,23.66
2009-05-19,96.1,96.1,80.0,87.0,87.15,16232.0,14.15
2009-05-18,91.9,91.9,91.9,91.9,91.9,50.0,0.05
2009-05-15,79.0,79.75,77.45,79.1,78.7,10193.0,8.02
2009-05-14,78.0,78.5,76.15,77.7,77.65,6519.0,5.08
2009-05-13,78.8,81.0,76.1,77.0,77.2,6428.0,5.05
2009-05-12,75.0,78.3,75.0,78.3,77.7,20225.0,15.47
2009-05-11,79.0,80.0,75.2,76.0,76.4,10733.0,8.32
2009-05-08,80.0,81.0,76.0,78.0,77.15,12376.0,9.66
2009-05-07,80.05,82.65,78.0,78.25,79.1,9513.0,7.62
2009-05-06,82.5,84.0,79.1,79.75,79.6,10080.0,8.24
2009-05-05,81.05,83.75,77.3,81.9,80.75,28876.0,23.45
2009-05-04,77.8,80.8,76.25,76.25,77.3,32418.0,25.5
2009-04-29,82.8,82.8,77.15,79.0,78.35,6522.0,5.16
2009-04-28,81.0,83.95,78.05,78.05,79.3,3053.0,2.49
2009-04-27,82.0,83.95,80.5,82.9,81.8,3042.0,2.5
2009-04-24,82.0,82.45,80.1,81.35,81.45,5236.0,4.27
2009-04-23,81.0,82.5,79.0,80.65,79.95,12524.0,10.07
2009-04-22,81.6,84.8,80.2,81.45,81.0,4585.0,3.77
2009-04-21,81.55,83.8,79.65,82.95,82.3,12469.0,10.22
2009-04-20,83.0,87.0,81.05,82.5,82.35,6303.0,5.32
2009-04-17,86.0,88.5,80.2,83.0,82.7,12266.0,10.45
2009-04-16,93.8,97.2,82.5,83.5,84.25,28205.0,25.75
2009-04-15,89.75,97.85,87.0,91.0,90.95,39561.0,36.64
2009-04-13,83.0,97.8,81.3,87.1,87.75,57173.0,51.23
2009-04-09,84.85,84.85,81.15,81.5,82.0,15416.0,12.76
2009-04-08,75.45,83.9,73.0,82.05,82.45,23432.0,18.26
2009-04-06,78.95,78.95,76.1,76.5,76.6,5377.0,4.14
2009-04-02,72.6,76.85,72.6,74.15,75.05,15243.0,11.37
2009-04-01,72.2,72.75,68.45,72.5,72.3,7460.0,5.31
2009-03-31,74.8,74.8,67.0,67.85,67.85,6776.0,4.7
2009-03-30,67.0,72.1,65.0,69.1,69.35,10587.0,7.3
2009-03-27,72.0,72.0,67.35,67.6,67.9,8375.0,5.75
2009-03-26,70.15,75.0,67.05,68.4,69.4,20255.0,14.7
2009-03-25,62.2,72.5,61.55,69.2,70.15,26355.0,17.76
2009-03-24,65.9,66.4,63.0,63.0,63.4,5386.0,3.5
2009-03-23,61.55,65.0,61.55,63.55,63.65,10082.0,6.48
2009-03-20,64.8,64.8,60.25,62.45,62.7,2600.0,1.62
2009-03-19,62.0,64.5,61.75,62.6,62.85,3113.0,1.96
2009-03-18,61.0,64.9,60.15,62.7,61.75,6788.0,4.28
2009-03-17,60.0,64.7,58.0,62.0,61.4,18199.0,11.25
2009-03-16,54.0,60.0,53.55,58.55,58.2,18965.0,10.67
2009-03-13,56.8,56.8,52.0,54.35,54.45,3930.0,2.13
2009-03-12,57.25,57.25,51.0,52.7,52.55,6748.0,3.51
2009-03-09,59.85,59.85,51.75,53.65,52.9,10576.0,5.81
2009-03-06,57.0,60.25,55.6,57.85,57.6,4151.0,2.41
2009-03-05,60.05,60.05,58.0,59.0,58.5,6951.0,4.11
2009-03-04,62.0,63.8,60.05,60.5,60.35,5856.0,3.59
2009-03-03,65.0,65.0,62.0,63.0,62.6,5385.0,3.42
2009-03-02,66.0,68.75,63.5,63.9,64.35,5865.0,3.83
2009-02-27,64.0,68.5,63.0,66.65,67.0,59009.0,37.49
2009-02-26,65.5,66.9,63.3,64.5,64.7,9070.0,5.94
2009-02-25,69.55,71.8,65.15,65.15,66.0,13562.0,9.33
2009-02-24,72.15,73.05,70.3,70.95,70.7,3959.0,2.83
2009-02-20,76.5,77.3,74.0,74.25,74.35,270063.0,203.84
2009-02-19,77.3,79.0,77.3,77.5,77.6,2078.0,1.62
2009-02-18,78.0,79.0,76.2,78.3,77.75,4309.0,3.36
2009-02-17,79.0,79.5,76.15,79.5,78.4,8432.0,6.55
2009-02-16,82.6,83.65,78.2,79.0,78.9,16545.0,13.33
2009-02-13,83.9,85.0,82.65,83.15,83.45,16025.0,13.46
2009-02-12,85.55,87.5,81.25,81.25,82.6,49913.0,42.39
2009-02-11,92.4,92.4,86.0,86.05,86.85,9358.0,8.2
2009-02-10,91.0,95.35,81.25,89.45,89.05,26590.0,24.22
2009-02-09,97.55,103.0,90.1,90.7,91.55,61310.0,59.76
2009-02-06,95.5,104.9,95.0,95.8,95.25,81610.0,81.79
2009-02-05,95.0,104.5,93.7,99.0,100.65,125477.0,123.06
2009-02-04,91.7,95.6,91.7,94.7,95.0,48948.0,46.31
2009-02-03,90.0,95.75,90.0,92.0,93.5,38183.0,35.52
2009-02-02,90.0,90.5,89.0,89.75,89.85,6180.0,5.55
2009-01-30,88.55,91.0,88.55,90.9,90.3,4655.0,4.19
2009-01-29,87.15,92.5,87.15,90.0,90.15,13128.0,11.76
2009-01-28,87.25,92.0,87.25,90.6,90.3,12867.0,11.57
2009-01-27,85.0,89.7,85.0,88.2,88.45,6631.0,5.83
2009-01-23,86.0,87.0,85.0,85.25,85.9,9289.0,7.98
2009-01-22,90.95,90.95,86.5,88.5,87.3,6947.0,6.05
2009-01-21,87.0,89.9,85.55,88.0,87.65,12404.0,10.89
2009-01-20,84.5,91.4,83.95,87.0,87.65,30965.0,26.51
2009-01-19,85.25,88.0,84.55,87.0,87.1,10242.0,8.8
2009-01-16,82.3,85.75,81.85,85.5,84.85,96191.0,81.08
2009-01-15,80.0,82.0,78.6,80.95,80.75,5999.0,4.81
2009-01-14,84.0,84.5,81.8,82.0,82.85,6910.0,5.74
2009-01-13,85.05,87.0,81.05,81.05,82.5,4668.0,3.95
2009-01-12,85.0,89.4,85.0,85.0,85.2,3869.0,3.34
2009-01-09,84.8,91.35,84.0,88.0,87.4,5758.0,5.0
2009-01-07,99.8,99.8,87.0,93.45,92.75,25485.0,23.47
2009-01-06,100.0,102.0,96.0,99.0,98.55,16524.0,16.42
2009-01-05,99.0,102.2,96.5,100.1,99.8,38895.0,38.7
2009-01-02,92.5,99.8,92.5,96.0,95.75,31945.0,31.06
2009-01-01,90.4,95.0,89.0,93.7,94.45,27217.0,25.14
2008-12-31,87.25,89.0,85.9,88.0,87.85,13109.0,11.51
2008-12-30,86.9,89.0,84.0,86.0,85.05,41092.0,35.01
2008-12-29,86.5,88.45,83.1,86.0,86.6,6917.0,5.96
2008-12-26,89.0,92.85,85.3,86.5,86.2,25057.0,22.55
2008-12-24,83.75,90.95,82.75,88.5,87.4,23700.0,20.86
2008-12-23,89.0,89.0,85.0,86.0,85.15,15404.0,13.29
2008-12-22,93.95,95.75,88.9,90.3,89.85,34166.0,31.76
2008-12-19,94.45,94.45,91.25,91.4,91.95,10786.0,10.03
2008-12-18,95.0,95.0,90.7,91.65,92.15,29323.0,27.07
2008-12-17,104.0,105.0,92.05,93.0,92.8,55144.0,54.76
2008-12-16,96.85,105.0,96.85,99.65,99.9,63146.0,63.36
2008-12-15,92.5,103.0,92.5,95.8,95.7,17545.0,17.0
2008-12-12,93.0,93.0,90.1,91.35,91.1,10091.0,9.24
2008-12-11,94.0,97.0,93.4,94.0,93.85,7294.0,6.9
2008-12-10,93.4,94.95,91.1,92.45,92.55,8712.0,8.15
2008-12-08,99.95,102.0,91.5,92.0,92.25,9753.0,9.4
2008-12-05,97.4,100.0,94.5,96.1,97.4,4908.0,4.79
2008-12-04,95.25,95.65,92.0,92.5,93.6,11116.0,10.45
2008-12-03,92.75,96.5,92.0,92.75,92.95,14192.0,13.29
2008-12-02,93.15,93.15,90.05,92.75,92.65,6148.0,5.68
2008-12-01,99.0,104.75,95.0,95.55,96.4,3412.0,3.41
2008-11-28,100.0,102.0,96.7,99.9,98.3,3268.0,3.23
2008-11-26,101.0,102.0,96.1,99.85,100.15,9549.0,9.49
2008-11-25,103.0,106.9,100.2,101.0,101.3,5804.0,6.03
2008-11-24,108.0,108.75,100.1,101.0,101.05,11539.0,11.85
2008-11-21,109.0,111.0,104.05,110.9,110.0,5181.0,5.58
2008-11-20,105.0,110.0,98.15,110.0,106.6,4242.0,4.51
2008-11-19,116.0,116.0,107.1,107.15,110.0,3621.0,4.02
2008-11-18,113.0,118.0,112.0,115.0,113.95,1411.0,1.61
2008-11-17,119.0,121.0,114.05,116.4,118.35,4270.0,4.98
2008-11-14,120.85,129.0,118.0,118.3,118.55,3168.0,3.83
2008-11-12,117.75,127.5,112.25,121.15,121.8,3542.0,4.27
2008-11-11,123.0,129.9,121.05,123.9,122.05,3488.0,4.29
2008-11-10,125.0,131.8,125.0,129.5,128.9,3509.0,4.52
2008-11-07,119.0,127.8,119.0,126.95,123.4,8730.0,10.71
2008-11-06,124.5,126.4,117.05,117.5,118.1,7329.0,8.88
2008-11-05,136.0,139.5,125.6,129.85,129.0,14547.0,19.5
2008-11-04,136.0,140.0,131.05,138.25,139.3,12224.0,16.88
2008-11-03,143.0,149.75,136.1,136.1,137.5,8579.0,12.13
2008-10-31,143.35,145.2,135.2,138.0,139.05,24131.0,34.0
2008-10-29,130.15,142.8,123.0,141.0,138.15,26626.0,35.64
2008-10-28,123.0,128.65,120.0,127.5,126.65,8485.0,10.58
2008-10-27,114.0,119.65,105.5,111.2,112.05,19437.0,21.52
2008-10-24,119.9,129.0,108.0,122.0,119.35,222664.0,263.89
2008-10-23,108.0,128.0,107.5,117.2,119.65,46138.0,55.71
2008-10-22,116.0,118.0,111.0,112.9,114.6,10834.0,12.41
2008-10-21,113.0,119.0,111.0,118.8,117.8,13932.0,16.12
2008-10-20,113.0,117.9,103.0,113.1,113.7,31769.0,34.39
2008-10-17,119.0,124.75,110.15,111.05,112.05,11681.0,13.42
2008-10-16,119.0,119.0,105.0,114.55,117.45,13261.0,15.15
2008-10-15,136.0,136.0,117.1,120.0,119.45,6298.0,7.74
2008-10-14,143.65,154.5,135.05,136.0,136.25,23392.0,33.56
2008-10-13,113.5,141.9,113.5,141.0,135.3,13780.0,18.09
2008-10-10,115.0,123.0,112.65,114.6,118.3,16679.0,19.65
2008-10-08,145.0,145.0,129.0,129.0,131.4,12591.0,16.69
2008-10-07,151.6,158.5,142.0,148.0,148.0,6214.0,9.27
2008-10-06,179.0,179.0,145.3,150.1,151.05,11186.0,17.4
2008-10-03,182.0,182.9,173.6,179.95,177.85,2170.0,3.84
2008-10-01,192.0,192.0,178.35,180.9,179.65,5127.0,9.28
2008-09-30,163.0,190.0,160.0,178.7,181.1,19434.0,35.08
2008-09-29,178.0,184.9,155.0,170.0,165.9,19893.0,32.96
2008-09-26,196.0,196.0,176.0,178.6,178.4,13846.0,25.63
2008-09-25,200.0,204.55,192.1,192.35,196.15,6463.0,12.75
2008-09-24,196.5,207.5,196.5,201.0,201.0,3532.0,7.17
2008-09-23,202.0,205.0,197.6,198.5,199.55,2250.0,4.54
2008-09-22,203.0,208.55,200.0,200.05,201.9,6945.0,14.3
2008-09-19,209.0,218.0,203.0,204.0,205.45,23514.0,49.3
2008-09-18,199.9,216.95,186.05,205.0,211.4,15346.0,31.28
2008-09-17,219.9,219.9,204.15,205.0,205.0,20318.0,42.28
2008-09-16,208.6,223.0,204.05,222.0,219.2,12811.0,26.92
2008-09-15,233.5,233.5,210.5,219.75,216.05,10582.0,22.7
2008-09-12,227.35,238.9,220.0,237.9,236.05,9957.0,22.88
2008-09-11,224.1,236.8,224.1,231.05,229.7,2996.0,6.87
2008-09-10,227.55,237.45,227.0,227.0,229.5,3075.0,7.11
2008-09-09,236.6,244.5,228.15,234.0,232.2,6913.0,16.3
2008-09-08,233.0,245.0,231.25,237.9,235.15,4128.0,9.88
2008-09-05,229.85,230.0,225.1,226.8,227.65,1538.0,3.51
2008-09-04,238.0,238.0,227.35,230.0,229.7,2635.0,6.08
2008-09-02,230.85,241.0,230.85,239.0,238.05,10554.0,24.95
2008-09-01,235.0,235.0,231.25,234.5,233.2,1589.0,3.7
2008-08-29,230.2,238.0,230.2,233.25,236.2,11591.0,27.26
2008-08-28,243.5,243.5,225.1,228.0,228.65,8813.0,20.67
2008-08-27,248.5,251.45,241.15,243.65,244.85,23294.0,57.08
2008-08-26,247.75,258.0,242.1,249.9,249.5,18832.0,47.2
2008-08-25,248.0,252.0,245.2,247.75,248.05,4262.0,10.64
2008-08-22,259.05,259.05,241.9,245.05,245.65,13337.0,33.42
2008-08-21,247.0,249.0,240.0,242.0,243.3,3424.0,8.31
2008-08-20,245.0,254.9,241.75,246.2,246.75,6435.0,16.01
2008-08-19,246.9,246.9,236.0,238.8,238.25,4595.0,11.0
2008-08-18,244.0,255.0,241.15,242.0,242.75,1532.0,3.75
2008-08-14,255.5,255.5,246.0,248.4,250.85,21742.0,54.43
2008-08-13,270.0,270.0,255.25,258.95,258.7,8034.0,20.98
2008-08-12,271.1,274.95,266.0,270.1,270.3,68536.0,185.44
2008-08-11,270.0,274.85,265.05,270.05,270.75,16984.0,45.85
2008-08-08,269.0,269.75,250.25,269.75,267.45,13233.0,34.89
2008-08-07,271.0,273.95,255.0,255.0,258.0,14134.0,37.15
2008-08-06,279.0,280.0,267.1,274.8,272.5,71019.0,194.89
2008-08-05,263.65,275.9,263.0,274.0,274.65,46515.0,125.75
2008-08-04,269.0,269.0,252.0,262.5,261.85,51659.0,132.57
2008-08-01,249.9,262.0,248.0,258.0,257.65,59178.0,150.6
2008-07-31,238.9,268.0,238.15,254.5,252.55,145737.0,370.88
2008-07-30,239.7,242.5,233.1,239.5,238.35,28395.0,67.4
2008-07-29,244.0,244.0,227.0,228.0,229.5,83385.0,195.13
2008-07-28,215.2,243.0,214.3,239.9,236.6,53072.0,124.07
2008-07-25,204.0,216.85,202.25,214.05,213.7,4436.0,9.38
2008-07-24,223.5,223.5,206.15,213.3,211.15,3560.0,7.6
2008-07-23,211.9,218.8,208.05,215.0,216.05,14730.0,31.64
2008-07-22,198.0,212.0,198.0,203.0,205.05,16681.0,34.48
2008-07-21,202.2,204.0,197.1,199.3,199.85,2957.0,5.93
2008-07-18,198.05,201.95,195.5,195.5,197.1,1737.0,3.45
2008-07-17,196.0,202.0,196.0,197.8,197.75,5869.0,11.65
2008-07-16,198.0,203.5,191.0,192.0,191.7,6267.0,12.22
2008-07-15,200.15,202.9,198.0,198.0,199.7,14301.0,28.72
2008-07-14,210.0,210.0,201.05,207.0,204.9,7798.0,15.89
2008-07-11,208.0,212.95,206.0,209.0,208.4,13660.0,28.57
2008-07-10,206.1,210.8,206.0,207.0,207.95,5212.0,10.84
2008-07-09,208.1,216.75,206.05,211.65,209.15,6463.0,13.64
2008-07-08,200.0,206.0,196.0,205.95,205.3,5412.0,10.81
2008-07-07,195.0,212.0,195.0,200.1,202.9,21968.0,44.75
2008-07-04,184.0,198.1,184.0,195.0,195.0,40609.0,79.43
2008-07-03,185.0,196.0,180.0,186.0,186.05,8920.0,16.54
2008-07-02,179.9,194.0,160.1,191.0,189.5,16353.0,29.93
2008-07-01,187.0,190.0,175.0,178.05,177.45,13520.0,24.74
2008-06-30,204.8,209.9,182.15,188.5,186.15,30818.0,59.87
2008-06-27,211.1,213.95,202.0,207.9,207.15,16506.0,34.09
2008-06-26,219.0,221.8,211.0,216.1,217.15,18304.0,39.48
2008-06-25,198.0,212.95,194.5,209.4,209.55,40146.0,83.12
2008-06-24,204.15,215.8,198.0,199.95,201.25,29752.0,61.9
2008-06-23,192.15,219.8,192.15,207.5,206.25,21299.0,44.31
2008-06-20,234.9,237.9,210.0,217.0,214.45,32795.0,72.15
2008-06-19,249.95,260.0,229.05,230.95,234.15,66063.0,161.06
2008-06-18,234.8,255.8,230.9,250.5,250.65,75418.0,186.56
2008-06-17,231.75,234.0,225.15,231.0,230.15,27622.0,63.58
2008-06-16,233.0,238.05,224.8,224.8,227.2,17673.0,41.21
2008-06-13,224.0,237.5,223.0,226.6,228.35,73843.0,170.33
2008-06-12,200.3,232.5,200.3,223.9,223.8,114757.0,249.51
2008-06-11,200.05,220.0,200.0,210.25,208.5,42990.0,90.36
2008-06-10,195.0,212.0,187.0,196.0,194.85,26235.0,51.82
2008-06-09,201.2,208.0,198.0,205.0,203.9,12873.0,26.05
2008-06-06,220.0,221.0,215.0,216.5,216.5,8772.0,18.98
2008-06-05,219.0,224.0,210.0,219.0,215.65,14014.0,30.09
2008-06-04,226.0,227.1,215.1,226.0,220.95,15238.0,33.75
2008-06-03,226.9,229.5,214.8,225.0,226.25,13357.0,29.69
2008-06-02,230.0,236.0,214.0,228.0,223.05,38368.0,87.17
2008-05-30,235.0,237.0,218.2,231.0,230.05,32227.0,74.19
2008-05-29,237.2,245.0,230.0,231.05,231.55,27423.0,65.63
2008-05-28,242.8,242.8,231.3,238.0,236.0,16109.0,37.68
2008-05-27,245.0,249.35,235.0,236.85,236.3,35916.0,87.64
2008-05-26,247.0,251.45,240.1,241.25,241.2,15656.0,38.42
2008-05-23,274.0,274.0,252.15,258.85,254.35,26382.0,69.93
2008-05-22,255.05,271.0,255.05,267.55,268.65,75198.0,200.81
2008-05-21,250.0,271.0,245.05,268.4,267.35,62630.0,166.3
2008-05-20,255.1,260.0,250.0,250.0,251.2,18833.0,48.04
2008-05-16,256.0,264.0,253.55,255.0,256.3,47023.0,121.27
2008-05-15,248.0,258.9,245.55,256.0,254.5,58830.0,149.55
2008-05-14,232.0,254.95,232.0,243.35,244.05,26301.0,64.83
2008-05-13,246.35,246.35,230.3,231.5,234.4,10959.0,26.41
2008-05-12,231.0,239.5,227.0,238.0,235.7,14543.0,33.7
2008-05-09,251.0,257.0,235.45,235.5,240.15,22139.0,55.22
2008-05-08,257.0,260.0,250.0,253.5,254.45,18177.0,46.05
2008-05-07,262.1,271.0,256.5,256.5,260.3,16250.0,43.23
2008-05-06,273.0,273.9,262.0,263.0,264.8,31453.0,83.81
2008-05-05,253.0,274.75,251.0,268.5,269.55,57603.0,153.17
2008-05-02,259.9,263.85,252.0,252.5,253.3,10746.0,27.39
2008-04-30,260.0,268.0,251.1,251.55,253.9,21027.0,54.75
2008-04-29,246.05,274.0,246.0,260.15,260.3,44471.0,116.12
2008-04-28,259.9,260.1,248.0,248.0,250.3,30193.0,76.57
2008-04-25,268.95,273.0,255.15,256.05,256.85,34776.0,91.5
2008-04-24,265.9,284.0,263.0,270.4,264.75,60870.0,165.93
2008-04-23,285.0,290.0,255.25,262.05,260.3,113182.0,306.79
2008-04-22,239.95,284.0,237.5,283.5,280.7,200168.0,540.0
2008-04-21,243.0,244.7,236.1,238.3,239.4,28981.0,69.47
2008-04-17,243.0,248.8,235.75,240.2,241.5,72814.0,175.83
2008-04-16,222.5,247.0,222.5,236.0,234.75,167741.0,396.27
2008-04-15,214.9,222.8,210.0,217.0,215.75,130355.0,282.09
2008-04-11,188.45,214.0,187.0,212.0,209.7,248002.0,496.26
2008-04-10,185.1,190.0,184.0,184.05,185.35,64675.0,121.3
2008-04-09,189.5,189.5,183.25,184.0,185.45,20891.0,38.82
2008-04-08,172.15,188.9,172.15,185.0,184.35,7281.0,13.45
2008-04-07,180.0,187.0,180.0,185.5,183.3,8270.0,15.29
2008-04-04,187.0,188.7,184.15,187.0,186.45,15486.0,28.9
2008-04-03,187.0,190.9,182.15,187.25,187.0,12282.0,23.05
2008-04-02,190.0,195.0,187.35,187.35,189.0,31984.0,61.13
2008-04-01,184.0,189.0,178.5,188.0,186.05,20226.0,37.27
2008-03-31,192.0,195.0,178.0,178.0,179.0,31898.0,58.94
2008-03-28,205.0,205.0,191.1,192.0,195.4,52461.0,104.12
2008-03-27,164.4,194.9,163.9,194.9,191.25,119760.0,223.58
2008-03-26,156.0,168.0,156.0,160.1,162.4,35527.0,57.71
2008-03-25,164.9,169.6,153.3,159.95,155.45,43289.0,69.28
2008-03-24,167.9,167.9,156.3,159.0,159.35,55081.0,88.12
2008-03-19,179.0,189.9,158.0,160.95,160.4,16650.0,28.69
2008-03-18,188.0,191.0,168.5,168.5,170.55,22945.0,40.13
2008-03-17,176.05,199.0,176.05,188.0,187.85,11419.0,21.51
2008-03-14,196.85,208.9,194.15,203.8,203.55,13393.0,26.64
2008-03-13,200.0,211.0,192.3,198.0,196.85,10748.0,21.44
2008-03-12,223.0,223.05,207.05,211.0,209.4,16935.0,36.71
2008-03-11,205.0,235.0,205.0,218.95,221.1,29808.0,66.26
2008-03-10,201.0,206.8,185.5,204.7,204.15,27372.0,54.36
2008-03-07,215.4,221.35,200.0,202.1,207.65,35914.0,74.53
2008-03-05,269.0,269.0,221.45,225.0,226.15,45042.0,110.42
2008-03-04,279.0,279.0,235.0,235.55,236.85,82862.0,212.68
2008-03-03,254.0,256.9,246.5,247.6,249.0,50506.0,127.64
2008-02-29,254.95,263.9,252.0,255.0,259.95,22428.0,57.94
2008-02-28,257.0,266.0,253.0,254.8,254.8,40993.0,106.55
2008-02-27,264.9,270.0,261.3,264.0,263.5,16113.0,42.96
2008-02-26,260.0,271.0,250.15,260.2,261.1,64333.0,169.48
2008-02-25,248.0,259.4,240.1,250.0,254.35,53573.0,135.02
2008-02-22,263.95,263.95,250.0,250.1,251.2,6909.0,17.58
2008-02-21,273.0,273.0,254.0,255.0,257.2,45985.0,120.92
2008-02-20,275.0,280.0,261.1,265.5,263.75,29150.0,78.1
2008-02-19,277.9,278.0,251.15,256.5,257.4,52373.0,139.89
2008-02-18,282.4,282.4,261.15,266.0,266.45,51848.0,139.71
2008-02-15,271.0,271.0,262.0,264.0,265.05,25712.0,68.03
2008-02-14,288.0,299.0,255.0,271.0,279.2,26060.0,70.54
2008-02-13,279.0,279.0,245.0,262.0,255.75,11001.0,27.66
2008-02-12,261.0,265.0,242.2,258.4,251.2,13833.0,35.1
2008-02-11,256.0,275.0,235.0,255.25,262.95,29311.0,75.76
2008-02-08,275.5,285.0,265.0,276.25,277.6,24554.0,68.55
2008-02-07,283.0,300.0,271.1,275.0,278.55,16565.0,48.05
2008-02-06,281.0,300.9,281.0,289.0,289.55,3526.0,10.28
2008-02-05,304.9,308.9,285.0,300.1,299.45,16029.0,47.69
2008-02-04,302.5,318.5,283.0,293.0,289.95,11076.0,33.33
2008-02-01,290.0,305.0,286.0,295.5,299.0,8284.0,24.42
2008-01-31,262.25,314.0,261.9,285.2,288.55,29840.0,85.63
2008-01-30,254.0,309.85,254.0,262.0,262.5,27667.0,76.6
2008-01-29,295.0,295.0,253.0,264.0,263.55,17613.0,48.04
2008-01-28,275.0,279.8,252.2,261.3,264.8,4381.0,11.38
2008-01-25,261.0,288.0,251.5,288.0,277.8,12728.0,34.54
2008-01-24,310.0,310.0,256.0,257.0,258.3,5644.0,15.68
2008-01-23,275.0,275.9,223.1,275.9,275.9,9435.0,25.48
2008-01-22,207.3,300.0,207.3,240.0,229.9,12873.0,28.02
2008-01-21,290.2,315.0,255.2,260.95,259.05,17382.0,49.46
2008-01-18,346.0,348.9,280.05,315.0,318.95,11891.0,38.28
2008-01-17,335.0,367.0,335.0,349.0,347.7,9078.0,31.47
2008-01-16,338.0,342.0,322.0,334.0,332.4,7416.0,24.91
2008-01-15,350.0,350.0,337.0,337.0,342.0,4519.0,15.56
2008-01-14,396.0,396.0,335.2,342.7,340.5,7956.0,27.29
2008-01-11,358.0,375.0,337.1,360.0,356.1,39988.0,140.74
2008-01-10,374.05,387.0,350.6,357.8,352.65,9072.0,33.05
2008-01-09,399.0,399.0,375.0,378.0,377.55,8528.0,32.46
2008-01-08,395.0,415.0,380.15,395.0,388.0,33763.0,134.99
2008-01-07,383.0,407.8,383.0,390.0,389.7,24048.0,95.4
2008-01-04,385.0,425.9,385.0,403.0,400.0,28619.0,115.65
2008-01-03,435.0,436.9,410.05,418.0,416.6,47135.0,200.2
2008-01-02,419.0,425.0,403.0,424.0,422.95,72814.0,304.58
2008-01-01,398.0,420.0,394.0,406.0,408.2,76815.0,309.13
2007-12-31,355.5,392.0,350.4,376.0,382.0,76671.0,285.05
2007-12-28,342.0,349.4,338.0,343.0,345.25,12166.0,41.9
2007-12-27,350.0,350.0,343.0,344.9,344.95,8620.0,29.86
2007-12-26,344.0,357.9,338.05,340.0,340.0,11547.0,40.06
2007-12-24,340.0,352.0,330.0,347.0,343.65,8010.0,27.26
2007-12-20,346.0,348.0,335.0,335.0,338.3,3012.0,10.33
2007-12-19,379.9,379.9,336.0,343.0,343.95,8675.0,30.01
2007-12-18,351.0,351.0,336.1,340.0,339.5,6928.0,23.68
2007-12-17,353.9,385.0,331.1,336.0,343.2,25073.0,90.24
2007-12-14,343.0,350.0,343.0,343.9,345.35,1646.0,5.7
2007-12-13,338.0,350.0,331.0,344.0,343.35,29235.0,101.41
2007-12-12,345.0,350.0,337.05,346.0,345.95,3438.0,11.96
2007-12-11,378.0,378.0,345.25,346.5,348.5,5072.0,17.77
2007-12-10,353.9,364.45,347.0,347.0,351.0,7778.0,27.56
2007-12-07,362.0,375.0,345.0,355.0,349.35,13543.0,48.03
2007-12-06,369.9,370.0,332.0,360.1,359.9,14335.0,51.84
2007-12-05,311.5,354.9,311.5,348.0,345.75,21803.0,73.05
2007-12-04,311.85,325.0,311.85,319.95,318.95,12987.0,41.43
2007-12-03,311.0,313.8,304.0,308.95,308.2,13705.0,42.46
2007-11-30,316.75,316.75,304.0,304.05,305.1,7616.0,23.55
2007-11-29,318.0,322.0,315.0,319.9,316.55,1065.0,3.39
2007-11-28,323.75,324.0,313.0,315.0,315.3,4262.0,13.55
2007-11-27,319.9,320.0,312.0,320.0,319.95,10253.0,32.64
2007-11-26,320.1,320.1,311.0,318.75,315.75,7126.0,22.64
2007-11-23,318.9,329.9,313.0,315.2,318.9,6079.0,19.48
2007-11-22,321.95,321.95,301.15,308.7,309.25,2401.0,7.46
2007-11-21,317.55,340.0,310.0,310.15,314.75,18057.0,58.83
2007-11-20,325.0,329.9,318.0,319.0,324.75,1943.0,6.3
2007-11-19,328.9,329.0,319.1,322.5,322.75,5824.0,18.86
2007-11-16,330.0,335.0,315.5,317.15,317.75,9551.0,30.96
2007-11-15,334.0,334.0,319.95,329.0,330.2,5491.0,18.02
2007-11-14,313.5,335.0,313.5,330.0,327.55,9206.0,30.17
2007-11-13,315.0,331.0,310.1,310.1,311.25,6930.0,21.7
2007-11-12,310.1,333.9,306.0,314.1,314.55,3199.0,10.15
2007-11-09,343.0,343.0,332.0,332.1,335.05,1906.0,6.35
2007-11-08,333.75,333.75,323.3,328.0,325.65,4145.0,13.55
2007-11-07,330.1,348.0,330.0,336.0,336.6,11863.0,40.36
2007-11-06,338.0,348.95,330.0,330.0,330.65,20330.0,68.52
2007-11-05,350.0,350.0,321.0,342.9,341.15,17628.0,59.99
2007-11-02,356.5,389.9,348.0,350.0,350.45,19258.0,68.74
2007-11-01,371.65,381.0,370.0,374.0,373.5,1847.0,6.91
2007-10-31,378.2,387.5,375.0,378.7,376.25,5398.0,20.54
2007-10-30,394.95,394.95,375.1,382.45,382.0,2964.0,11.27
2007-10-29,405.0,405.0,380.0,388.0,389.0,9633.0,37.31
2007-10-26,398.0,413.0,390.0,390.15,390.25,56068.0,221.49
2007-10-25,376.05,391.0,376.05,391.0,389.7,5324.0,20.67
2007-10-24,375.05,389.0,375.05,378.0,379.9,5369.0,20.56
2007-10-23,388.0,388.0,370.0,375.0,372.15,3919.0,14.84
2007-10-22,385.0,385.0,367.0,375.6,375.6,12660.0,47.72
2007-10-19,399.0,399.0,382.0,386.0,385.95,28906.0,111.87
2007-10-18,423.7,424.0,391.15,399.0,398.2,11554.0,46.3
2007-10-17,389.0,404.0,380.0,398.0,395.45,10730.0,41.94
2007-10-16,400.0,402.9,385.2,390.0,388.55,24858.0,97.48
2007-10-15,395.0,400.0,393.0,393.0,394.1,4501.0,17.82
2007-10-12,400.0,400.0,392.5,393.05,394.25,1446.0,5.72
2007-10-11,391.0,405.0,390.0,404.9,397.8,7070.0,27.88
2007-10-10,400.15,400.15,392.0,394.5,394.85,9596.0,37.88
2007-10-09,380.0,404.0,365.6,397.0,398.3,6585.0,26.06
2007-10-08,405.0,408.75,400.0,404.0,403.65,26341.0,105.92
2007-10-05,410.0,410.0,400.05,401.0,401.0,14573.0,58.52
2007-10-04,409.0,415.0,400.0,402.7,402.05,11247.0,45.45
2007-10-03,420.0,425.0,401.0,409.5,409.0,16867.0,69.83
2007-10-01,408.9,429.8,402.0,418.0,420.4,19735.0,82.42
2007-09-28,420.0,420.0,400.0,404.5,400.85,12752.0,51.66
2007-09-27,411.0,420.95,410.0,410.3,413.25,8983.0,37.24
2007-09-26,435.0,435.0,411.25,411.25,415.5,7633.0,32.02
2007-09-25,417.0,429.7,410.25,414.05,415.75,7138.0,29.84
2007-09-24,426.0,450.0,417.0,424.0,419.3,15835.0,67.99
2007-09-21,438.0,438.0,426.1,429.0,428.45,8034.0,34.74
2007-09-20,459.0,463.95,430.2,434.55,434.35,33153.0,147.23
2007-09-19,445.0,468.2,441.0,462.0,456.15,84121.0,383.31
2007-09-18,406.0,438.0,403.0,427.0,432.4,97340.0,414.1
2007-09-17,408.0,411.4,398.0,409.95,404.75,86441.0,347.17
2007-09-14,405.0,439.95,399.0,405.0,400.85,21062.0,86.28
2007-09-13,390.0,402.0,390.0,397.0,399.95,11076.0,44.19
2007-09-12,391.0,392.8,384.0,388.0,388.75,15014.0,58.11
2007-09-11,394.0,400.5,379.0,379.35,380.5,18158.0,70.51
2007-09-10,404.0,404.0,390.0,391.0,391.2,11260.0,44.24
2007-09-07,411.0,411.0,402.1,403.0,404.2,7991.0,32.36
2007-09-06,401.1,412.0,399.0,400.25,401.15,22298.0,90.39
2007-09-05,404.75,405.0,401.1,402.6,402.25,2460.0,9.89
2007-09-04,401.05,410.0,400.0,400.1,400.6,5085.0,20.53
2007-09-03,410.0,416.0,402.0,402.05,404.0,5962.0,24.38
2007-08-31,397.05,407.0,397.05,404.0,403.35,4041.0,16.29
2007-08-30,409.75,410.0,402.15,408.0,403.95,5101.0,20.76
2007-08-29,415.0,417.95,400.0,400.0,400.65,12226.0,49.88
2007-08-28,390.0,408.45,390.0,408.45,408.3,21567.0,86.88
2007-08-27,381.2,393.9,381.2,388.0,389.0,1757.0,6.85
2007-08-24,368.0,380.6,368.0,368.75,376.85,3055.0,11.52
2007-08-23,398.0,398.0,368.3,368.3,370.05,12226.0,47.65
2007-08-22,376.5,391.0,370.05,385.05,387.65,7275.0,27.62
2007-08-21,409.8,409.9,388.5,388.5,388.5,7960.0,31.14
2007-08-20,414.0,415.0,400.05,406.0,408.95,8479.0,34.65
2007-08-17,405.0,415.75,395.7,400.0,401.1,15554.0,62.21
2007-08-16,416.05,428.7,415.4,415.4,416.5,11300.0,47.61
2007-08-14,424.0,441.85,418.0,435.0,437.2,15922.0,69.38
2007-08-13,428.4,433.8,420.5,423.95,420.8,1731.0,7.37
2007-08-10,409.0,428.9,405.15,424.0,421.4,12371.0,51.32
2007-08-09,443.0,450.0,423.65,424.25,425.25,6457.0,27.98
2007-08-08,446.0,462.9,436.3,447.0,445.95,7753.0,34.59
2007-08-07,445.0,459.15,440.0,450.0,445.65,31800.0,143.6
2007-08-06,427.55,437.25,406.65,437.25,437.25,18430.0,79.65
2007-08-03,404.0,416.4,401.05,416.4,416.4,38142.0,158.53
2007-08-02,387.0,408.95,387.0,398.0,396.55,7784.0,31.17
2007-08-01,419.9,419.9,400.85,400.85,400.85,23960.0,97.39
2007-07-31,434.5,442.5,415.0,419.0,421.95,16617.0,70.27
2007-07-30,413.0,446.2,413.0,422.0,422.55,46361.0,198.24
2007-07-27,425.0,437.0,414.0,416.0,424.95,31151.0,132.21
2007-07-26,405.0,427.95,403.0,427.95,427.95,18218.0,76.64
2007-07-25,401.1,417.5,401.1,410.0,407.55,15988.0,65.18
2007-07-24,418.0,429.0,410.0,410.1,414.75,11214.0,46.91
2007-07-23,416.0,428.85,412.0,416.0,415.9,8603.0,36.33
2007-07-20,437.0,447.75,420.0,423.6,422.3,30422.0,130.95
2007-07-19,468.9,468.9,427.25,427.25,438.3,29217.0,132.78
2007-07-18,484.0,484.8,445.95,446.0,449.6,16620.0,76.64
2007-07-17,465.0,469.4,462.0,469.4,469.4,40415.0,189.36
2007-07-16,435.0,447.05,415.0,447.05,447.05,18644.0,80.97
2007-07-13,449.95,449.95,425.0,425.0,425.75,17153.0,74.3
2007-07-12,449.95,462.0,432.1,444.0,437.95,23647.0,104.67
2007-07-11,401.0,463.7,398.0,440.35,444.0,46254.0,207.78
2007-07-10,409.4,432.55,409.4,423.6,424.25,216083.0,928.06
2007-07-09,357.0,393.2,354.0,393.2,393.2,21846.0,84.06
2007-07-06,359.95,360.5,351.5,356.1,357.45,5578.0,19.87
2007-07-05,357.5,361.95,345.0,354.85,354.05,8381.0,29.45
2007-07-04,349.8,359.5,346.55,354.0,353.45,8400.0,29.75
2007-07-03,346.25,348.0,337.3,346.0,343.45,3755.0,12.96
2007-07-02,339.35,345.0,333.0,335.2,341.4,3218.0,10.96
2007-06-29,337.8,341.0,330.05,330.15,337.95,3115.0,10.51
2007-06-28,331.95,338.95,321.55,328.0,327.9,4153.0,13.67
2007-06-27,334.0,334.5,324.0,325.0,325.15,7249.0,23.78
2007-06-26,339.9,350.0,322.5,323.5,326.2,11799.0,40.07
2007-06-25,367.0,367.0,334.0,334.0,335.6,12410.0,42.29
2007-06-22,340.25,360.3,340.25,349.0,350.95,18938.0,67.03
2007-06-21,349.95,352.0,341.5,342.5,343.1,9425.0,32.79
2007-06-20,352.4,352.4,341.15,349.0,348.15,16322.0,56.99
2007-06-19,327.0,345.0,327.0,340.0,341.65,4597.0,15.56
2007-06-18,347.0,347.0,324.45,331.0,330.7,5092.0,16.95
2007-06-15,337.0,340.15,330.0,335.15,338.1,21227.0,71.58
2007-06-14,324.9,331.15,322.0,325.0,324.8,21442.0,70.58
2007-06-13,318.0,322.95,313.0,316.1,315.35,4602.0,14.6
2007-06-12,328.0,328.0,309.75,310.75,310.9,2585.0,8.11
2007-06-11,312.0,316.9,309.8,312.0,312.5,2446.0,7.64
2007-06-08,300.05,308.7,298.1,307.0,304.25,3103.0,9.43
2007-06-07,318.0,318.0,301.05,314.0,313.7,5714.0,17.7
2007-06-06,312.0,317.8,300.05,310.0,304.6,12542.0,38.68
2007-06-05,324.95,324.95,305.0,310.0,308.1,4819.0,14.97
2007-06-04,319.0,319.0,307.0,316.0,316.25,7849.0,24.7
2007-06-01,300.0,311.95,296.0,310.9,310.55,18088.0,55.73
2007-05-31,299.9,306.9,294.0,298.45,298.1,6951.0,20.75
2007-05-30,291.0,296.15,286.75,295.95,292.8,8145.0,23.91
2007-05-29,290.8,290.8,272.15,283.9,282.05,2037.0,5.77
2007-05-28,284.95,289.8,279.1,282.0,282.3,17059.0,49.3
2007-05-25,257.0,278.9,257.0,276.0,276.0,2992.0,8.1
2007-05-24,269.0,271.75,265.5,268.5,268.5,466.0,1.24
2007-05-23,270.65,280.0,268.5,272.0,270.95,3637.0,9.9
2007-05-22,271.1,277.9,266.15,269.4,269.05,8214.0,22.16
